address,spank_staked,staker_points,stake_point_pct,booty_to_recv
0xff62b319d69043c621b086123b141d8e774bfce2,900.189954194756645421,5761.21570684644253069440,0.000852751699738122509052545346009800,0.085863568646631555436500790889726762
0xff43229e1a7257cecd40e112ac35b5219cd2d076,113000.000000000000000000,214700.00000000000000000000,0.031779020132192180840711686105974300,3.199829537110430688851259674010552267
0xfedd19b8d60eb4425df7628fd9c3ddcb3c6cb210,1000.000000000000000000,1400.00000000000000000000,0.000207222301746944821504407827426000,0.020865213562899874077278824143523940
0xfe31fa48f003b95b8c225c7e376b431d0adb4076,17567.301950940000000000,112430.73248601600000000000,0.016641539409176599465137891165944300,1.675636603109991800144734261498931567
0xfe1b80ecc5704b9f7c059af0d3d52f4a25bd4b40,5151.361292190000000000,32968.71227001600000000000,0.004879894601589612663266629511634300,0.491356587434058099064316925526457667
0xfe09b0b5e34ecd4ef02d3e2793767280d657ee0b,10000.000000000000000000,64000.00000000000000000000,0.009473019508431763268772929253760400,0.953838334303994243532746246561134676
0xfdeccdead8f6aa2c65fb61a2c86e22df09cd5073,12000.275000000000000000,76801.76000000000000000000,0.011367883918154597796017406360066900,1.144632231718986452080992646395136161
0xfde36cbdd65160bd83541f060f44dbafcf0a0ab8,2602.830000000000000000,16658.11200000000000000000,0.002465665936713144638886024344956500,0.248267903167646533689433791293669985
0xfd1468cf880e67c5e21847059ad84ef2a7f8ebf5,24734.833691756272401432,158302.93562724014336916480,0.023431356209982241988743481251425300,2.359303256783111945846581127206013457
0xfd07fc7318465e9dde4724a5345e2eb0da06e7b1,350.000000000000000000,665.00000000000000000000,0.000098430593329798790214593718027400,0.009910976442377440186707441468178906
0xfcc52d0fde3e0c2bb5c4d710e58bd34cec5c1ebe,8266.811324622251874323,11573.53585447115262405220,0.001713067670795932898479360036099500,0.172488783772442483547886762034858655
0xfc860cc4f352186f60c890f1e4f07575d6095072,15857.140000000000000000,101485.69600000000000000000,0.015021499656793365059978996738697400,1.512514800442523927889285181619441206
0xfc84df846f2c3a0d83706eab5d21e73363c65127,15568.934706549056325282,99641.18212191396048180480,0.014748482220063956006859910624715300,1.485024674738239730330724400802583557
0xfb9a5b872780fad3789f1b7e6c89cccf8ec710a1,500.000000000000000000,3200.00000000000000000000,0.000473650975421588163438646462688000,0.047691916715199712176637312328054720
0xfaaffa8ab87e0435100bb995f2ad5d56a3e3b6ee,8780.486576260000000000,56195.11408806400000000000,0.008317772063043420126566284375472200,0.837516469027841972543959173766295818
0xfa8a5a16b1555dd05e8486e554d56e7a07d94e49,40000.000000000000000000,256000.00000000000000000000,0.037892078033727053075091717015041500,3.815353337215976974130984986244528635
0xfa630622006f99325c09991573cc0c281c11161f,7918.244652847636363636,46717.64345180105454545240,0.006914955434482356404533758046444600,0.696266862698028466372504097696506774
0xfa6236e28e9af20424d2a16daccd481b63375473,3000.000000000000000000,5700.00000000000000000000,0.000843690799969703916125089011663000,0.084951226648949487314635212584347470
0xf9e0510830fc4afcfc9d3f7f706e9b08f243043b,7493.555856160000000000,47958.75747942400000000000,0.007098660081292676414046816806679300,0.714764083585359588130373984264538717
0xf8b908e7dbb3a0f2581aa8f1962f9360e10dc059,1907.094497491888267663,3623.47954523458770855970,0.000536332694068917237067271709987800,0.054003338965799276600303588478671582
0xf8b07cff385f9abeaf0c7723992c1a1947c97452,500.000000000000000000,3200.00000000000000000000,0.000473650975421588163438646462688000,0.047691916715199712176637312328054720
0xf8adc1d947be5aa5152a08127e0641bc33d16b1d,93179.318827264680000000,83861.38694453821200000000,0.012412821164527425982475702631161700,1.249846963056266522175478497931671573
0xf86f1f8d7f7c312ccb76cf05ba111c8ba0f8783b,7141.280799246057615272,6427.15271932145185374480,0.000951320985840662037506317256306000,0.095788510064296260556511084537451140
0xf86744d3b93e66d0538b63bde7708739473e7b61,14505.000000000000000000,13054.50000000000000000000,0.001932273955825350837378065702237700,0.194560664612054575815597435558314013
0xf7f1cb68aba2ff7b561ac0bc67ac469c1c9f7476,5715.523902688638894865,5143.97151241977500537850,0.000761389726374527669774976970787300,0.076664331548651191069642431188573237
0xf746613cb84635e7e74bb7b70b11a39409405f89,666.000000000000000000,599.40000000000000000000,0.000088720748333656232864101465542200,0.008933292149715846087086376565444118
0xf71845fdd5f5fc5232d830760711dbc533598df6,103608.456703332047077780,93247.61103299884237000200,0.013802131850472733732145627225493400,1.389736656024099559489743205334930446
0xf70a892787b8a2cd8cdcfd5bd37cb2598fb46253,1520.000000000000000000,1368.00000000000000000000,0.000202485791992728939870021362799100,0.020388294395747876955512451020241379
0xf6f90fb02fc7de2b5b0b8d198da6b84814a121da,313.315926892950391644,281.98433420365535247960,0.000041738173421615144950412426962100,0.004202616681822428945057027270813849
0xf6f63609c77568952e662d123bbe2321067fcad6,25721.811699700000000000,164619.59487808000000000000,0.024366322402346647124582424734201400,2.453445002692283898974204346486738966
0xf68beab9ef0c1ee170d8aa488a63f7a71c75203b,96602.163609024263610428,618253.84709775528710673920,0.091511418042500379995728858480711700,9.214284682699363261769938760422861073
0xf666335a68648bc57fdd31c97740d63ad9d1d633,246514.736830281094000000,1577694.31571379900160000000,0.233523891110917489716012233008322000,23.513520595958282039505271741607942180
0xf60dfe846ad57011d14262833fbe94b41de19150,5274.000000000000000000,33753.60000000000000000000,0.004996070488746911947950842888433200,0.503054337511926564039170370436338908
0xf5da5b50e82ad9b0d746a38b7831798f4833a82b,444158.050864587934908365,2842611.52553336278341353600,0.420751788066726890566148330044025600,42.365497540438730611105475352132937664
0xf51b52eca537c09d5ff61df0ba2b80d562d3acfc,209.770247342749297101,1342.52958299359550144640,0.000198715764536642034147507215966900,0.020008690331194486418312501575707161
0xf44fb39683b5150ee6ba610e86f362d87a1a6575,2330.000000000000000000,2097.00000000000000000000,0.000310389404830959493353388010080200,0.031253109172429311385752638734975338
0xf44b52c11b1c800722e8fdf4aa7f3076339e73c4,100000.000000000000000000,640000.00000000000000000000,0.094730195084317632687729292537603800,9.538383343039942435327462465611326622
0xf41e70e686e3190d2a34cd22607b14467808ec35,100000.000000000000000000,640000.00000000000000000000,0.094730195084317632687729292537603800,9.538383343039942435327462465611326622
0xf3fc52d0618efc11ada90a1587a55c1feae6a5e2,100.000000000000000000,640.00000000000000000000,0.000094730195084317632687729292537600,0.009538383343039942435327462465610944
0xf3e3090990f0aa278d62f169908556e816b12735,227.387569479535118746,204.64881253158160687140,0.000030291284273266676066185830140900,0.003050029413475221613104251236887221
0xf1e68be1d3ec5041af4894388fe006b376510ae0,500.000000000000000000,950.00000000000000000000,0.000140615133328283986020848168610500,0.014158537774824914552439202097391245
0xf17560a2c14e19766f9d44c8d5fe0fe036d8a488,8016.000000000000000000,51302.40000000000000000000,0.007593572437958901436248380089814300,0.764596808778081785615849391243401867
0xf14103cb01a59acdd0d0f30efb32560aea9d6ca3,44470.156749640417669430,151198.53294877742007606200,0.022379791441719238092970027414936100,2.253421200266710083581152060409915909
0xf09c860cac4119c959adb58fa4ad9bddf665875f,5000.000000000000000000,17000.00000000000000000000,0.002516270806927187118267809333030100,0.253363307549498470938385721742800769
0xf032d6570c6fb62ac76dee1bd02ebb3e51b65860,100000.000000000000000000,190000.00000000000000000000,0.028123026665656797204169633722101100,2.831707554964982910487840419478359759
0xefae62cd95a962aba6d73d133255ff3c8a12c337,1079.358065520337970369,971.42225896830417333210,0.000143785968908306216211620854103300,0.014477809209377352910348103799661277
0xee47248b16d89be362e63b738184186115e0f9e8,52817.343263170000000000,338030.99688428800000000000,0.050033972311554637669556813295356800,5.037920672050436466947675530709476192
0xee3f3601114dfa37d4f651aa4078bcb2dad1f5aa,1467.642929440000000000,2788.52156593600000000000,0.000412745612403037772903755230186000,0.041559355712861873353679114127428340
0xed7047adb39f9df923eb692d2d73ce79873fd150,19367.420050090000000000,123951.48832057600000000000,0.018346794796249504774424522762070000,1.847338768034362635736805196912828300
0xec8772e7eabc4817be29353b7f09b12a794c8f3a,77136.280645640000000000,493672.19613209600000000000,0.073071349136401516781766756418880500,7.357554144544268724756094703817077545
0xebdc4da990542b2a452a5aa95793a215fe6c2ddd,300010.209110040000000000,270009.18819903600000000000,0.039965661051020179132653575283637100,4.024142411227221836866888495309419599
0xeb82f7c75f56a31b33cb8115be96529da4b35eeb,781.559600000000000000,5001.98144000000000000000,0.000740372933780212552763686307839700,0.074548150702329601937775574336379393
0xeb4f4c886b402c65ff6f619716efe9319ce40fcf,545.471000000000000000,490.92390000000000000000,0.000072664557528990689184105541307500,0.007316594297594072493947586954252175
0xeb43b5597e3bde0b0c03ee6731ba7c0247e1581e,900000.000000000000000000,1260000.00000000000000000000,0.186500071572250339353967044683407400,18.778692206609886669550941729172291106
0xeb0b300cf528fccfa8fa92c70d6e67a48d576672,176833.500000000000000000,601233.90000000000000000000,0.088992194747351748655642132338475600,8.960624089110847572136606305161108164
0xea310c966d3ff5e09c65487f1763b21361eb71ef,500.000000000000000000,700.00000000000000000000,0.000103611150873472410752203913713000,0.010432606781449937038639412071761970
0xe93c41e26cd3de7f8cffbc6a0e725eeeb509ae4b,1836.000000000000000000,1652.40000000000000000000,0.000244581522433322587895631067170500,0.024626913493811251375211092153397645
0xe8f8bb07b7f74107ad9e93ea66a9aad0461aa650,300000.000000000000000000,570000.00000000000000000000,0.084369079996970391612508901166303300,8.495122664894948731463521258435079277
0xe8a0deadb65b67574a116e65504472d779aec19d,39031.000000000000000000,249798.40000000000000000000,0.036974142443360015214347620170352100,3.722926402621919931932661874952752949
0xe89069529689849588cd65344c034a35289f44ea,5.000000000000000000,4.50000000000000000000,0.000000666071684186608354835596588200,0.000067066757880749595248396220465858
0xe89069529689849588cd65344c034a35289f44ea,5.000000000000000000,4.50000000000000000000,0.000000666071684186608354835596588200,0.000067066757880749595248396220465858
0xe8332043e54a2470e148f0c1ac0af188d9d46524,45000.000000000000000000,288000.00000000000000000000,0.042628587787942934709478181641921700,4.292272504367974095897358109525095973
0xe7421007249799725daaf97014f9c05f8d5e858d,8320.258830370000000000,53249.65651436800000000000,0.007881797421529665500759738029801100,0.793618182373822019271498022220672759
0xe7108c118efd43109106ce1e24b1432c0d9d9a8c,2498.555559835661329134,15990.75558294823250645760,0.002366886556122386556069301210882300,0.238321807335963102330617938923738787
0xe5b37cc86d2cf3555b8e187b1291494b50a44fb2,53650.568389610820711688,101936.07994026055935220720,0.015088163654486687631677440164608700,1.519227198370264577633601450174450003
0xe5298d01632a57f9a63a16869a89a69547eb1368,115000.000000000000000000,736000.00000000000000000000,0.108939724346965277590888686418244300,10.969140844495933800626581835453018567
0xe46d2e0f20a3d6783e207554818bc2c7eede3edb,476.190476190476190476,428.57142857142857142840,0.000063435398493962700460507634236300,0.006387310274357104309368513691253047
0xe343633bf1077f152815ea689877f0c545f73490,640932.969628178001136164,4101971.00562033920727144960,0.607157052488483302529033045686869900,61.134643615065383731648337370210930231
0xe2f23da9a17a70432765c112c24a96ea5394abad,69.000000000000000000,62.10000000000000000000,0.000009191789241775195296731232916500,0.000925521258754344414427867842362385
0xe2f23da9a17a70432765c112c24a96ea5394abad,69.000000000000000000,62.10000000000000000000,0.000009191789241775195296731232916500,0.000925521258754344414427867842362385
0xe24da6137cacf7c514f1fab263d11b5ca734e26e,6000.000000000000000000,38400.00000000000000000000,0.005683811705059057961263757552256200,0.572303000582396546119647747936676778
0xe1e4d3439653dd72a6c6d8b4c78e9789b0936ae7,1005.000000000000000000,6432.00000000000000000000,0.000952038460597392208511679390002900,0.095860752597551421475040997779392001
0xe1e4bd1c43d889c2a216a8ba667a77d07c358276,500.000000000000000000,3200.00000000000000000000,0.000473650975421588163438646462688000,0.047691916715199712176637312328054720
0xe14e403f90122c70bcd5a02a52b61b60c118025a,1000.000000000000000000,1900.00000000000000000000,0.000281230266656567972041696337221000,0.028317075549649829104878404194782490
0xe14c23696ae321a6f055784285a0c20b0023a38f,56775.713136770000000000,51098.14182309300000000000,0.007563338973980827728750083752746700,0.761552601290129544007845933064065223
0xdfb3f203a768f91e204895245719cc73becb4507,164063.000000000000000000,1050003.20000000000000000000,0.155417199961184037716469309215968800,15.648957864091620757671294744955898472
0xde72e8797c97ee219c81491d64447f1ca98d6f73,9000.000000000000000000,30600.00000000000000000000,0.004529287452468936812882056799454200,0.456053953589097247689094299137043398
0xdd857d2f4e48242594a31798dc12ffa3042cfc9a,5222.565290000000000000,17756.72198600000000000000,0.002628277715299643800240117189404200,0.264641283153521134246177399801108898
0xdd5bf2495556d79b8c9c5c226c4b95f957be84bd,9958.000000000000000000,18920.20000000000000000000,0.002800490995366103865591212126046800,0.281981438323412998226379148971652292
0xdcfdd07b1d0cd1fa19f72126c95a6c3a828cdf9f,275057.467000000000000000,385080.45380000000000000000,0.056998041424424317591769546346770900,5.739132791025284538315275621656361921
0xdc9b7f70fc17473c1fdb2ff2fe9889ee7ad1d5f1,8048.000000000000000000,51507.20000000000000000000,0.007623886100385883078708453463426400,0.767649091447854567195154179232404216
0xdc9727d102f00adf0043d04431b6cd162c5114ea,55000000.000000000000000000,352000000.00000000000000000000,52.101607296374697978251110895682065000,5246.110838671968339430104356086227124850
0xdbf9e60cbaaca7feb86ab2b5b831cc629d7ebea6,612.527687641925810246,857.53876269869613434440,0.000126929397316893514782671442637200,0.012780521015838008003467187559139668
0xdbf7f8e7ec8e8033595dd05f381d1084129aa9ad,12823.000000000000000000,82067.20000000000000000000,0.012147252915662050039547527182096900,1.223106896078011818482040511965336861
0xdb8197b4f430f944f901a3f1a3c2a815095245ec,4996.933171130000000000,31980.37229523200000000000,0.004733604541244428460384696787989200,0.476626641257901501676135119582632548
0xdb0fa209f856c8798f1adb6f1554639c28248577,50000.000000000000000000,70000.00000000000000000000,0.010361115087347241075220391371300400,1.043260678144993703863941207176237276
0xda530a4838d1233cb65e4ccd4f18a39e07b0a18e,6716.030794800000000000,42982.59708672000000000000,0.006362109073836888036754250207685600,0.640600762644636256420785453411863064
0xda0afd02aba8733a2e546a3ef5113dadeae07d1d,5000.000000000000000000,32000.00000000000000000000,0.004736509754215881634386464626880200,0.476919167151997121766373123280567338
0xd8420cf4f8afc9848ad1848b0298ea9e847adc22,500.000000000000000000,3200.00000000000000000000,0.000473650975421588163438646462688000,0.047691916715199712176637312328054720
0xd766c35684da0a61434842edb2a43b7f0c7161e2,56265.000000000000000000,50638.50000000000000000000,0.007495304662151903816964968406508500,0.754702226432075195330202668851340865
0xd6f5646d9e7fbee7cc907eb8e12dafa5378431e6,3443.100000010000000000,22035.84000006400000000000,0.003261655346957613430579639034631000,0.328416076885162096325063854396995390
0xd6e371526cdaee04cd8af225d42e37bc14688d9e,100000.000000000000000000,640000.00000000000000000000,0.094730195084317632687729292537603800,9.538383343039942435327462465611326622
0xd6ae43e2446cc17378926291f5197a1e87d772dd,135770.303000000000000000,257963.57570000000000000000,0.038182718516733030504196640338486900,3.844617927449848841467559715682245961
0xd5c87133d4bc994738d9d8dd3adbc2f6793b8f4f,15463.084100000000000000,21648.31774000000000000000,0.003204295879308584692982146756186700,0.322640552087581392736372356880438823
0xd4e01f608982ff53022e8c3ff43e145a192a9c4a,591157.000000000000000000,3783404.80000000000000000000,0.560004179354599587867799853886522200,56.386820819214632502408767287833920318
0xd4be3593eb07f97de7e27be56ff7ad2f27a72364,58604.650583192104474074,111348.83610806499850074060,0.016481401510826107255962277718075200,1.659512318125080739602841743432991888
0xd4ad3004135727de4aafe38a0e86152f6f90dc66,17716.000000000000000000,15944.40000000000000000000,0.002360025191409990722853485831150900,0.237630936523071965884117488338584121
0xd3ef3b3f952fa7c931463ffe65a92f51bb1b0f1f,7469.787943500000000000,47806.64283840000000000000,0.007076144691262388185752617697891800,0.712497008963209866423431076000725342
0xd28231a9d5f75fc16146441c78f33537e5c85ad8,2395.896167800000000000,15333.73547392000000000000,0.002269637113774630140344986260746500,0.228529760985967508831336666594565085
0xd1694e5eb4f07d534b9c4ae2b9fdaea8007c72ff,1000.000000000000000000,3400.00000000000000000000,0.000503254161385437423653561866606000,0.050672661509899694187677144348558140
0xd0eb5e00b5d6519da8ffbfdb11969204cb091719,8714.999999999999840000,55775.99999999999897600000,0.008255736501598281537167295709744000,0.831270108345930967977375005014123360
0xd05955436368c9659b7a1bdf8f0427ca8c193b11,324.709449216776149570,454.59322890348660939800,0.000067287039465683043101834999631800,0.006775132003799625609923766112925942
0xcf6b213d8f9fb5cd0f2ba4c4b00900aa37734f09,6.900000000000000000,9.66000000000000000000,0.000001429833882053919268380414009200,0.000143969973584009131133223886586348
0xcf6b213d8f9fb5cd0f2ba4c4b00900aa37734f09,6.900000000000000000,9.66000000000000000000,0.000001429833882053919268380414009200,0.000143969973584009131133223886586348
0xcf35c00617d942becf021bec64f4673cf23433b4,18756.212325750000000000,120039.75888480000000000000,0.017767796526611804427456492574731300,1.789039432264542587800594237349694597
0xcf09477fc06c6356cff2290ef12f76c42644c171,5.000000000000000000,4.50000000000000000000,0.000000666071684186608354835596588200,0.000067066757880749595248396220465858
0xcf09477fc06c6356cff2290ef12f76c42644c171,5.000000000000000000,4.50000000000000000000,0.000000666071684186608354835596588200,0.000067066757880749595248396220465858
0xcea1a5e33fe4b27b6a34a54fbe4676db39e8f2b3,219719.588313186396000000,1406205.36520439293440000000,0.208140794647541039061175683126155000,20.957696613060907223069779533972546950
0xce95d314a9a18708b6a8575738d4ed4aef6cae25,656.897422940879235939,591.20768064679131234510,0.000087508154567214842502652722036900,0.008811196083372862491592102581895461
0xce8c24bd761a475ca73fae9b9e4a0cd8c533f684,34600.000000000000000000,48440.00000000000000000000,0.007169891640444290824052510828939900,0.721936389276335643073847315365958531
0xcda5e98aa61cbd638a3d90b845c5c6d265e88e4a,250.000000000000000000,1600.00000000000000000000,0.000236825487710794081719323231344000,0.023845958357599856088318656164027360
0xcb90a285298f014f79d1ff567a8de3dd7f3e0eb4,150.000000000000000000,135.00000000000000000000,0.000019982150525598250645067897644700,0.002012002736422487857451886613844843
0xcb650c0f71350af8a407f8c3788577f3a4e9934f,100000.000000000000000000,640000.00000000000000000000,0.094730195084317632687729292537603800,9.538383343039942435327462465611326622
0xc9d9f8cc91063c0a64d9dd2892c1917449e02b2e,282947.000000000000000001,1810860.80000000000000000640,0.268036245085224212160950348658324500,26.988569517631225922486090606406693905
0xc9d7549222b94eb3d5ec1a9571e9dd53bf14e47e,5500.000000000000000000,35200.00000000000000000000,0.005210160729637469797825111089568200,0.524611083867196833943010435608622058
0xc9c6611811ad0cf1891f690eaab55fe94e9961f7,13387.190000000000000000,85678.01600000000000000000,0.012681711203308261691408427077664800,1.276921501061108869707914522450068712
0xc9727d6fc467f1c14406eebfbe72ddfe62ba50ac,1820.034650660000000000,1638.03118559400000000000,0.000242454709008618316668688471611100,0.024412764650077778305370242206521659
0xc9188beb63ee8d4d249fed5a94d9afecc5e955c7,200000.000000000000000000,1280000.00000000000000000000,0.189460390168635265375458585075207500,19.076766686079884870654924931222643175
0xc884e6441baba128c20acdc452dd322efc6e2f88,8715.000000000000000000,12201.00000000000000000000,0.001805942359724624119410914216017700,0.181840336200672402583484952410822213
0xc84726ece1e090e957d6e350044455cbb9555733,194123.929966985509444385,174711.53697028695849994650,0.025860090594806649976915831022653300,2.603852521991081586175655025670960777
0xc6a8c7f1b6809539d03d2c4ede2691bebb707478,5274.261214940000000000,33755.27177561600000000000,0.004996317938169163331204477560892100,0.503079253194253055818978845606225549
0xc68962297c04815f8845885b20d10fbcf4551227,1724.732666436702311141,11038.28906519489479130240,0.001633842619598441405444753957643400,0.164511613367367065114232275995113946
0xc5c447a5417dc3d3690290bb5ef14fcb7722223c,1000000.000000000000000000,6400000.00000000000000000000,0.947301950843176326877292925376037500,95.383833430399424353274624656113215875
0xc4a65b7c748eb5175646e02287152aa1aef7b108,52.868648648648648648,47.58178378378378378320,0.000007042861969215092255200638862300,0.000709145771680267639176152327044987
0xc4a65b7c748eb5175646e02287152aa1aef7b108,52.868648648648648648,47.58178378378378378320,0.000007042861969215092255200638862300,0.000709145771680267639176152327044987
0xc483287d7e6d2d5427444b7b5690794d5c886c27,18947.000000000000000000,121260.80000000000000000000,0.017948530062625661865344069057099800,1.807237492005777893221494313359378862
0xc3cc637b07b0d9d5bec7ee8621e12ac879e26acd,50.000000000000000000,320.00000000000000000000,0.000047365097542158816343864646268800,0.004769191671519971217663731232805472
0xc3ab64411b8e338b4c44c8b163fb3088b0d20405,43.900000000000000000,149.26000000000000000000,0.000022092857684820702898391365944000,0.002224529840284596574839026636901360
0xc389771d788c6a9aa6925453c445d3079134a7a3,4400.000000000000000000,3960.00000000000000000000,0.000586143082084215352255324997576400,0.059018746935059643818588674005967716
0xc30acee028c3cffb50c02c50d5ec0094fa57d623,5535.360182350000000000,18820.22461999000000000000,0.002785693046534891226029494417163300,0.280491432855598197548909792864172677
0xc2d2e69047570b22ada2d1ef20f7779843fdd080,153.450876030000000000,138.10578842700000000000,0.000020441856687442510008807876616000,0.002058290549858586332786865096465040
0xc2b977be48d23f5fe810d94f03fbcd1fbcd9f1ed,13515.522000000000000000,86499.34080000000000000000,0.012803280357263868195789243833364200,1.289162299172898888634018961581441298
0xc232f19296f9c7851c8cf40189a450771b935afa,11325.493000000000000000,72483.15520000000000000000,0.010728661613160737587814492885295800,1.080268937829154667717041288620434102
0xc0d4144bacae088867549c31fe0ceca53b91bbd0,6.900000000000000000,44.16000000000000000000,0.000006536383460817916655453321185100,0.000658148450669756028037594910127719
0xc0d4144bacae088867549c31fe0ceca53b91bbd0,6.900000000000000000,44.16000000000000000000,0.000006536383460817916655453321185100,0.000658148450669756028037594910127719
0xc0434eb5b3b1f1eb08b4a024af944da1cbe9560b,29704.000000000000000000,190105.60000000000000000000,0.028138657147845709613563109055369800,2.833281388216584500989669450785185162
0xc010d192eab4c2c8f0206d692d63b81c548a5a77,6199.000000000000000000,39673.60000000000000000000,0.005872324793276850050312338844406100,0.591284383435046031565949398243250209
0xbf8489eb21892295db069ab0f2333d3036f00aca,1669.690000000000000000,10686.01600000000000000000,0.001581700594303343081223747224571100,0.159261432840403614848419108042064059
0xbf0786068adb547e6428f03bff5c7967f4f13135,11979.971300000000000000,16771.95982000000000000000,0.002482517227648338824306428596058900,0.249964659651911236219414295337170641
0xbe6a8a2d8d2d2329e9a5fd1f23b15520fa8b368b,22136.141409890000000000,141671.30502329600000000000,0.020969609941729216690727390518160000,2.111430025032714828589340951273530400
0xbe1b723acd1f47c1aace1014d24f6e489d3bc47b,857.000000000000000000,5484.80000000000000000000,0.000811837771872602112133840037047300,0.081743945249852306670756353330292637
0xbdaff014e8ba9988e79648b17b7d287cee7d11c8,1967.112907683848891052,1770.40161691546400194680,0.000262047641481239494788657599937700,0.026385577020746004730269933737727013
0xbc7067cb9684f133c2a425d70fcf29ccd2cab0f7,11000.000000000000000000,70400.00000000000000000000,0.010420321459274939595650222179136400,1.049222167734393667886020871217244116
0xbbe6e9692c0f27d08c1ea577df838bd7c5c9627b,8000.000000000000000000,51200.00000000000000000000,0.007578415606745410615018343403008300,0.763070667443195394826196997248905727
0xbbc448ed7dd2f9234a4221ce8279889d93902de2,5.000000000000000000,9.50000000000000000000,0.000001406151333282839860208481686100,0.000141585377748249145524392020973409
0xbbc448ed7dd2f9234a4221ce8279889d93902de2,5.000000000000000000,9.50000000000000000000,0.000001406151333282839860208481686100,0.000141585377748249145524392020973409
0xbb3772f8fea6001d480a37a4168f52118e89c0be,35261.877391280000000000,31735.68965215200000000000,0.004697387612318311488784255838642900,0.472979958684330783805686720392953601
0xba924f4f456b74840d6dbc32f70ed226eba118d5,305.000000000000000000,732.00000000000000000000,0.000108347660627688292386590378339900,0.010909525948601934160405785195044531
0xba328b6dafc2feb14a8ebd760c1ee1654f94e2dc,15987.428818241625505121,102319.54443674640323277440,0.015144922508486708919348012056822200,1.524942247379526721089151334001427318
0xba000b9336ff8940ce31be4f9617daf9c0612719,500.000000000000000000,450.00000000000000000000,0.000066607168418660835483559658815500,0.006706675788074959524839622046132695
0xb9e5436ccbc77b8c25a3fdb53273cfde1e85990a,5053.057099545224861040,4547.75138959070237493600,0.000673139650517037245917608924674200,0.067778431410560480291444042625445198
0xb9dbdd88025f53b587d1db514dc883d7ac1f27ac,20000.000000000000000000,18000.00000000000000000000,0.002664286736746433419342386352620100,0.268267031522998380993584881845317869
0xb81e88279f3208001aeda20689d3e5d818758dbf,3500.000000000000000000,22400.00000000000000000000,0.003315556827951117144070525238816100,0.333843417006397985236461186296393109
0xb7c1ea886a42e19bda480aece29b9235ff98567d,573914.766000000000000000,516523.28940000000000000000,0.076453674953836646859823276872278100,7.698120531101811972315605748269681889
0xb7747c46be84aafcefdf9aed61f1225f88236224,3765.510249332330025887,24099.26559572691216567680,0.003567075205112491532417139066067100,0.359168802402776772399081732562296299
0xb6aba4e057c1736cd6fa09be5c64b16d74bf55f1,10035.714523499244260713,14050.00033289894196499820,0.002079623863234756960890328018032400,0.209397326789107678392047128135682356
0xb5fe3beedcfe4dcfe68606ff0878faa92bbbe680,1470.416000000000000000,9410.66240000000000000000,0.001392927945351019961861601554159700,0.140253914817394199959844660488340193
0xb52570b14d3cfa5af65ee71073aaf82752167c9f,115000.000000000000000000,736000.00000000000000000000,0.108939724346965277590888686418244300,10.969140844495933800626581835453018567
0xb5226ba66c31807e8e2ea47f1aaeca86efe202e0,8000.000000000000000000,51200.00000000000000000000,0.007578415606745410615018343403008300,0.763070667443195394826196997248905727
0xb50e91e1dfa6d8ec39632416aedefd36f700e062,510.000000000000000000,459.00000000000000000000,0.000067939311787034052193230851991800,0.006840809303836458715336414487054342
0xb4f8b9bb0b092da583b357b211de7c71a910fffb,1000.000000000000000000,900.00000000000000000000,0.000133214336837321670967119317631000,0.013413351576149919049679244092265390
0xb44df2daf39b1ce8cc83d202de5f69eab6fb2b50,7000.000000000000000000,6300.00000000000000000000,0.000932500357861251696769835223417000,0.093893461033049433347754708645857730
0xb3853808b6e41b34a764a8d6a359aded3fa60229,1871.257485029940119760,11976.04790419161676646400,0.001772645866098758096701067395353000,0.178487712257483952756830476038093570
0xb356cb114ed348f7c78f7becd6e4a88ad8f3d665,279.000000000000000000,1785.60000000000000000000,0.000264297244285246195198764726179900,0.026612089527081439394563620279054131
0xb2526150876bf74a49dc982b38bc46ef098ebb3a,90133.988200000000000000,81120.58938000000000000000,0.012007139464565976810554615163345100,1.208998872687148205054744200797218119
0xb245d402417f691430af5f3f49ce68a1af5aded1,570.000000000000000000,3648.00000000000000000000,0.000539962111980610506320056967464300,0.054368785055327671881366536053980367
0xb183eb052687f57eb0b975f6188c047a8110863f,199.980000000000000000,1279.87200000000000000000,0.000189441444129618401848921039216700,0.019074859009411276882167859438729523
0xb1455f4084cfd6495af7683a6414393a46a07bab,2500.000000000000000000,2250.00000000000000000000,0.000333035842093304177417798294077500,0.033533378940374797624198110230663475
0xb13edd4fe94dc82b0a94dbaae41b5c03a156bb3e,28194.879968759999900646,39472.83195626399986090440,0.005842607924605274881775277373773400,0.588292191928505127845952678765243646
0xb0fda8510a717dd9f5b0febf8dcb913f73cc16fc,250000.000000000000000000,225000.00000000000000000000,0.033303584209330417741779829407751300,3.353337894037479762419811023066478397
0xb0fbf5642771b4b94f2593e51f19653ef10c6eb1,1069.000000000000000000,3634.60000000000000000000,0.000537978698521032605885657635401800,0.054169075154082773086626867308607242
0xb03eb479c84e2a1ca8b760da7ccd959cfea3adde,150.000000000000000000,510.00000000000000000000,0.000075488124207815613548034279990900,0.007600899226484954128151571652283721
0xaf2d50d643e37e0b4646d264155adbc74df06226,2000.000000000000000000,12800.00000000000000000000,0.001894603901686352653754585850752100,0.190767666860798848706549249312228949
0xaef32f96f00843cb68536cc9eb619f3084e6b315,128.174000000000000000,435.79160000000000000000,0.000064504098881417056339371638690400,0.006494917716369883402811330299736376
0xae66b50c491e954904e1188e282a2180b44ecbe5,1.00000000000000000000,0.90000000000000000000,0.000000133214336837321670967119317600,0.000013413351576149919049679244089144
0xae66b50c491e954904e1188e282a2180b44ecbe5,1.00000000000000000000,0.90000000000000000000,0.000000133214336837321670967119317600,0.000013413351576149919049679244089144
0xadad56c1c8d88ffb7902285d79b8e81df7a0dc77,8519.622952640000000000,28966.71803897600000000000,0.004287535704350967456405313326426900,0.431711970071098913185450998837924561
0xada083a3c06ee526f827b43695f2dcff5c8c892b,5017.921000000000000000,32114.69440000000000000000,0.004753486352476942197340432593395900,0.478628540830903309850208157829033171
0xad492e78ea607f1ccf1cefaa7ee37871932b1d02,50000.000000000000000000,170000.00000000000000000000,0.025162708069271871182678093330301000,2.533633075494984709383857217428007690
0xad38e2656e65827a87fca4f903a2760e273dd4bc,175000.000000000000000000,245000.00000000000000000000,0.036263902805715343763271369799551400,3.651412373507477963523794225116830466
0xad21b021afbc1773752e6b63b05fc6cc00f6c077,85749.623500000000000000,548797.59040000000000000000,0.081230785625617877573840799050208800,8.179127804643464092910030056365524072
0xacf14ab404274b72e919f22ae4638f52797833a3,15493.407992176820760332,13944.06719295913868429880,0.002063944071027894641163459179056700,0.207818528511798711418748704739219123
0xac446dd360716acef4e930612dcb1f652a98d750,493.000000000000000000,443.70000000000000000000,0.000065674668060799583786789823592100,0.006612782327041910091491867337488549
0xac01f02587b18b034716ea59e6d2a01ff0dd486e,13384.986504656125427108,85663.91362979920273349120,0.012679623827870335452842078958412700,1.276711323228264076746668930322574763
0xab7da328c5a31ed4200a22ed3f1d5798765a6934,12999.999999948809663135,83199.99999967238184406400,0.012314925360912799543428274162929000,1.239989834590309786027792925465321010
0xab4f45d3cb594c5f56888499e8119699b188263b,1000.000000000000000000,1400.00000000000000000000,0.000207222301746944821504407827426000,0.020865213562899874077278824143523940
0xab21468b266a7f2b20ec5eef82c2b4e3f15ada8f,4000.000000000000000000,25600.00000000000000000000,0.003789207803372705307509171701504200,0.381535333721597697413098498624457898
0xaaf7372b1088b5d027d6d4ed191265780413566e,11000.000000000000000000,70400.00000000000000000000,0.010420321459274939595650222179136400,1.049222167734393667886020871217244116
0xaab22d99af2692ad177e04835ab2bbc584f2b909,25557.258297540000000000,48558.79076532600000000000,0.007187474566027958597001654449298700,0.723706814053355151132096586499886103
0xa9c190c870bd2857b4c20554d7808351ee74f91b,39801.209320880000000000,75622.29770967200000000000,0.011193304710564961042697243501007500,1.127053851306785927389185448116445175
0xa998403599fbfef52c99f96b4537212fd789a7df,50000.000000000000000000,320000.00000000000000000000,0.047365097542158816343864646268801900,4.769191671519971217663731232805663311
0xa98bb5cedc8ad73583f0783e48a8522d55c666e3,10984.747212017319530886,20871.01970283290710868340,0.003089243387590622368662954232985600,0.311055916696499766300672861719320064
0xa7f00de671ebeb1b04c19a00842ff1d980847f0b,100.000000000000000000,640.00000000000000000000,0.000094730195084317632687729292537600,0.009538383343039942435327462465610944
0xa7bf7144ac56d148ccb0f7aebbe9fe1818018ce6,1465.104239750000000000,9376.66713440000000000000,0.001387896104503783723864753742971100,0.139747258762485983155942054379760059
0xa7aaca83c140db8b16dbe6caf5bda06c96d23db3,120539.754600000000000000,771454.42944000000000000000,0.114187544686737737526318273537143700,11.497543874507622791524986962454999153
0xa68a6a0a43ca3179d05f1728239978545f9afa01,10000.000000000000000000,19000.00000000000000000000,0.002812302666565679720416963372210100,0.283170755496498291048784041947834969
0xa612c2e569aa2fdf450b64a5a6095680f9b5368d,20000.000000000000000000,18000.00000000000000000000,0.002664286736746433419342386352620100,0.268267031522998380993584881845317869
0xa5960aade5bd4833bf095231d3ac1ae1586b3f98,20021.492585633776000000,128137.55254805616640000000,0.018966398985163066567618841430032300,1.909726713816069172693541143589952287
0xa514d5259283608f2ae5457d59f7a5942ae35d41,8804.604866650000000000,56349.47114656000000000000,0.008340619366580869358567884488143500,0.839816964021027735714200289111169015
0xa4973ca595630f794413aaf290c4cf780987b142,1500.000000000000000000,1350.00000000000000000000,0.000199821505255982506450678976446500,0.020120027364224878574518866138398085
0xa41c5a135e5e688d46fe29cefb90274a41e9c9b5,40000.000000000000000000,256000.00000000000000000000,0.037892078033727053075091717015041500,3.815353337215976974130984986244528635
0xa3a7032e9c986fddf4cf83a9b27829aafed487d5,18905.534294020000000000,120995.41948172800000000000,0.017909249518457718302684478857117800,1.803282334013507655897300176123191282
0xa31d62ca2ff625842cc8b2a1a17c45461dfb1260,20000.000000000000000000,68000.00000000000000000000,0.010065083227708748473071237332120400,1.013453230197993883753542886971203076
0xa251d56dbfa4c59ff2c40e4023d7f5426cb1e21b,14849.999999999999900000,95039.99999999999936000000,0.014067433970021168359397604857516500,1.416449926441431442107744833103336385
0xa250621c41a4a81f1852977049c943b49c6baabd,30867.694986730929335961,27780.92548805783640236490,0.004112019517354079507345879241544100,0.414039245202382265594656580831075429
0xa24a85128a15b134cde93776f2e5701fa8f2972e,2000.000000000000000000,12800.00000000000000000000,0.001894603901686352653754585850752100,0.190767666860798848706549249312228949
0xa09169129ae67b075a54006fef37c7c7d03068f9,10001.000000000000000000,64006.40000000000000000000,0.009473966810382606445099806546685800,0.953933718137424642957099521185793202
0xa04d0d3fdba30270f7387d96ecc18046bfe4612c,160000.000000000007019925,1024000.00000000004492752000,0.151568312134908218950355515332950600,15.261413348863908566111296838874795914
0x9fd5cc5e68796f08edc54e738585227ad2b6c03f,8017.206969696969690000,51310.12460606060601600000,0.007594715802707449420952018692338200,0.764711934174613082195658762131533358
0x9f1c7a7dcec9ffd1dc64f3080e6141c4e06a48fb,408.079331063244640745,2611.70771880476570076800,0.000386574346414990052945237352706500,0.038924170940525348431055949044017485
0x9d3f10f5d553dda3f36e09ab0c3c757ba99e8894,172.980000000000000000,155.68200000000000000000,0.000023043415986119902643892299563800,0.002320241555642412997213515643079022
0x9cfd88828640ded0dcd140d5b17c10b7d07822bc,84709.540666080000000000,542141.06026291200000000000,0.080245513128006962206288007960285700,8.079920716859021024551139521521167133
0x9c01ddf21a39654a9c09f7c5a585be037f53b5ba,387.096774193548387096,929.03225806451612903040,0.000137511573509493337772235240214000,0.013846040336670884180286366337147660
0x993f2c81886747a6f04b998fd27e21bda35b98a5,4050.000000000000000000,25920.00000000000000000000,0.003836572900914864123853036347773000,0.386304525393117668630762229857263370
0x99390bac1919423b87e8a8517ebf396866745c72,1680.000000000000000000,3192.00000000000000000000,0.000472466847983034193030049846531300,0.047572686923411712896195719047236597
0x99219be7ae510f05d7a9e499f402b0eb912d689b,4827.586206896551724137,30896.55172413793103447680,0.004573181831656713302165359737930100,0.460473678629514462395030072012181769
0x98b6aa01a9be5cf3cc6fa00873f3c099aa1395ab,50000.000000000000000000,95000.00000000000000000000,0.014061513332828398602084816861050600,1.415853777482491455243920209739184914
0x9810a6afe45ec8d843c9c8ee170eec0ee891d460,1000.000000000000000000,1400.00000000000000000000,0.000207222301746944821504407827426000,0.020865213562899874077278824143523940
0x97a6feebd19555519effeb4bb0e707a04cd9000c,6500.000000000000000000,41600.00000000000000000000,0.006157462680480646124702404014944200,0.619994917297596258296285060264731498
0x976c973d5bd75e97a2bb1b7c6109db9e185ae2cf,431113.515700000000000000,388002.16413000000000000000,0.057430501095581764542433428125287700,5.782677155314127871777621877935218513
0x974b18ec8fc25a89225cc24720ff08ac878600c2,28611.475401385902323188,54361.80326263321441405720,0.008046412856569592460409000812460500,0.810193310527992264838582291806647745
0x96c2f4e4eb382e36ea31cf754070da0aeaf8c5b6,1007.130884470000000000,1409.98323825800000000000,0.000208699980040309764202020531239100,0.021014000990258790157501447290464979
0x967dc3a9a83d77c80c1c904a85a4f0d9df065a8f,49168.000000000000000000,314675.20000000000000000000,0.046576942319057293639902738554889000,4.689832322105878896601806745091773410
0x960cd3935ec62666d097c32a69eefe6822c00d3f,6231.630441828392114779,39882.43482770170953458560,0.005903235674477760682092356205050700,0.594396800063165723079879346286554983
0x9600e8572342e0b0d5c6b87baa5a286020289c86,816.326530612244897959,5224.48979591836734693760,0.000773307714974021491328228393826200,0.077864353820734223961839316974360078
0x95e7cf5d4e76e07ff8cf35d7fb30df7658077b3c,1.00000000000000000000,0.90000000000000000000,0.000000133214336837321670967119317600,0.000013413351576149919049679244089144
0x95e7cf5d4e76e07ff8cf35d7fb30df7658077b3c,1.00000000000000000000,0.90000000000000000000,0.000000133214336837321670967119317600,0.000013413351576149919049679244089144
0x95c23de0fc7be5f07906c2b6847f2c1dcf6f53fb,6027.741662530519470202,38577.54664019532460929280,0.005710091436093852103013031880188800,0.574949106700289968252382180016210272
0x950e4e14a9da15600d7a5fc71387676d99b0071d,10157.866339920000000000,65010.34457548800000000000,0.009622566600210451273404237010847200,0.968896230975190338719072624622204568
0x936ac3211101bf673c594e5ce0e132b6265e8477,33008.409162220000000000,211253.81863820800000000000,0.031268930393600781522463441439653200,3.148468601331662691496843918558680708
0x9264486a4b3e14d50eecd8bd35ac2b80daeaada4,100000.000000000000000000,90000.00000000000000000000,0.013321433683732167096711931763100500,1.341335157614991904967924409226589345
0x9244b806744709d9c607a5e98e8f553d2467418a,85856.994100000000000000,163128.28879000000000000000,0.024145585345074383101832887378776000,2.431218988395539634523553430168955440
0x91988c8d725d9473935d5316ad891ea4045f2425,227392.096832957964364532,1455309.41973093097193300480,0.215408976936181536879090884380701900,21.689529887704118948355661148292874311
0x9096209c66b646a3bf31b17ed17eb8edbc1dff16,5547.582766564700000000,35504.52970601408000000000,0.005255235977230725571324794501337400,0.529149710547361757776693558339662806
0x90461488eae85f8b59c938020909990ac8f6b677,1000000.000000000000000000,6400000.00000000000000000000,0.947301950843176326877292925376037500,95.383833430399424353274624656113215875
0x8fd9260817934527395916a48b896349042d2dea,70.000000000000000000,448.00000000000000000000,0.000066311136559022342881410504776300,0.006676868340127959704729223725925647
0x8f5dda939bd7075b483ac651b5069d8de32e53e4,550.000000000000000000,1045.00000000000000000000,0.000154676646661112384622932985471600,0.015574391552307406007683122307135404
0x8f433e26586f4d05ac3841ac5da41df806ccae51,270.270270270270270270,1729.72972972972972972800,0.000256027554281939547804417736060900,0.025779414440648493068426821843972021
0x8de91558d7f1ed4ba1ef317eb8aa01f403208998,3000.000000000000000000,19200.00000000000000000000,0.002841905852529528980631878776128100,0.286151500291198273059823873968338389
0x8cacf0a5498b6114a0c6a7d6d5683c6d2e4654cd,120000.000000000000000000,768000.00000000000000000000,0.113676234101181159225275151045124500,11.446060011647930922392954958733585905
0x8c26bbffdde5f172dd352987a5b75e8be5589994,3811.000000000000000000,3429.90000000000000000000,0.000507679837687032888055691719491800,0.051118282856707341498327599235629342
0x8c0c78e6e81510b96fe34483c05ee203a1f0457b,697262.000000000000000000,4462476.80000000000000000000,0.660517652848814812031115019733546700,66.507522465347163423412971336970817223
0x8b578b413186cd75590372acacb6fac64e9ead12,1876.344000000000000000,12008.60160000000000000000,0.001777464331652888841878247316771800,0.178972883554129377488720722325752542
0x8adeef56ce18ea2d5c8744815da46f4292d7179f,4492.413194750000000000,28751.44444640000000000000,0.004255671783380301218864389802120100,0.428503591868562529727455409175472869
0x8a9bcdc68d19e111663d6c986caf1da1eda1c304,7228.220541200000000000,6505.39848708000000000000,0.000962902605909864344876439521491800,0.096954663389064240885608695419009342
0x8a56536d9f331e43874c428787c699ef9dce71b5,1623.650600000000000000,2273.11084000000000000000,0.000336456614564808007602524671644900,0.033877816520530518285498209187924981
0x8a1a99f344d58a020ea14ec659c94b89a9631d81,3031578.000000000000000000,19402099.20000000000000000000,2.871819753533254802682009932125637100,289.163530983263426082051580065730399599
0x8a0af4a60ab015a2489c9e512f66cfa22cc89951,4093.467478507210557159,26198.19186244614756581760,0.003877749728102978522576670981295000,0.390450620122688907438245001106593550
0x87cf955545ecd6f0c276cd0fe35b939614dcd967,9940.000000000000000000,8946.00000000000000000000,0.001324150508162977409413166017252200,0.133328714666930195353811686277124018
0x87bdb4879138276e241116d54c7f67c3bb375593,32237.641639730000000000,206320.90649427200000000000,0.030538780815899442738474011973323100,3.074949840352914889336948265593902939
0x87a9a5a0d4d9681c23d0aa32d573b9b229310560,1083.690000000000000000,975.32100000000000000000,0.000144363044687237121610357533323500,0.014535914969557905774946900030343215
0x871930f59563f379f00070dfc59876e05e730f89,8715.000000000000000000,55776.00000000000000000000,0.008255736501598281688735607844652200,0.831270108345930983238788353878030018
0x8690266d9bbf7f60f1c1a7e842bb0f4d170d7eda,9249.872264940000000000,8324.88503844600000000000,0.001232215599603916680951973402842700,0.124071788724118370605054201932231463
0x84fd2d52ea2fd311ecc431904ccc9b7803b3e37e,10001.000000000000000000,64006.40000000000000000000,0.009473966810382606445099806546685800,0.953933718137424642957099521185793202
0x84f874029e3a7e7341434d2056d13d13654483f7,25970.235692300000000000,36358.32996922000000000000,0.005381612017069067045912424741594400,0.541874513998684360852922047231140136
0x84621849a4295507cc7851fab471eb9cdfa3d596,7501.000000070772000000,14251.90000013446680000000,0.002109508230210819586716582854012100,0.212406383699927424186492727570478349
0x841b0c3d98b7714c8b4a4c2312369e94aec70f12,150426.020547901505333467,511448.46986286511813378780,0.075702520821382750187671875355141300,7.622486821505029116396681129509177497
0x822ebc45f60ea785ae6ebd9cc6b468d407c412e4,60000.000000000000000000,384000.00000000000000000000,0.056838117050590579612637575522562300,5.723030005823965461196477479366797987
0x808b13b5419e2154a6878f8d6a685c02bf08017a,82695.100000000000000000,115773.14000000000000000000,0.017136268965193776708789155729776500,1.725450922105361376807980090431195785
0x8056f9dd799a25fd1d3922084719fc612d1dd094,9021.154370930000000000,57735.38797395200000000000,0.008545757134439436120173793511522000,0.860472285866706822940299268675150180
0x8053071d0c79b462b42a0804c1dae0f7900303ea,4384.441000000000000000,28060.42240000000000000000,0.004153389512656806857790205071028600,0.418204790029413882510895748601869734
0x7fabadbdf7c144c9e76ab630c8f3073ffeb5176e,44561.149513123899372570,285191.35688399295598444800,0.042212863865596726835145016981744700,4.250413262626934425030751759891873843
0x7e1feb23c08bfe287f6d3350281029af0889502a,2032.776400000000000000,13009.76896000000000000000,0.001925653049347968938314846754591400,0.193894005538846992398921919719808066
0x7dc631d01ece2fc3b490d701fee67d30a658185a,284.666252900000000000,540.86588051000000000000,0.000080056766211193015775261658876400,0.008060915789805024758411096432264716
0x7dc3d1adfe0b67aeb91ec0f07d3b492a1c92d682,6612.622489869698931687,12563.98273075242797020530,0.001859669586125273873949311747823100,0.187250130626953826367956199888307939
0x7d536e37420a260fec30622f774a0c71ee28c655,10045.204071816710000000,19085.88773645174900000000,0.002825015419736655722722547856844500,0.284450802613283864720933343705672705
0x7d52e2108d9347e0d339517b28fec980bb917f25,1000.000000000000000000,1900.00000000000000000000,0.000281230266656567972041696337221000,0.028317075549649829104878404194782490
0x7d27c34eaf841d8bbcbc716c322a2d5eb05ed9e1,5561.492608730000000000,35593.55269587200000000000,0.005268412797849834933284175046150000,0.530476484615499879432383585396843500
0x7ccf173012bfe53f16f4d6a2a4aea32abafcd04c,1000000.000000000000000000,1900000.00000000000000000000,0.281230266656567972041696337221011100,28.317075549649829104878404194783607659
0x7b8b8a1ecb4ee03007ae10e64d09d1281c25f9ba,10411.244143675169182718,66631.96251952108276939520,0.009862591888008082528655423820621500,0.993064377203533829810314624498378835
0x7b757fab5740b9f0fc81be420a44f6918eb393c4,56432.187715530000000000,361166.00137939200000000000,0.053458321513269899039130477589107000,5.382718393171146134250047788447183830
0x7a23608a8ebe71868013bda0d900351a83bb4dc2,6960.459261743283978771,9744.64296644059757027940,0.001442362389434283578228901305649400,0.145231468992138013491868072465838086
0x78f0924133b33fa65e53f1bb61401dcf5e9d51b0,4950.000000000000000000,4455.00000000000000000000,0.000659410967344742271287240622273500,0.066396090301942099295912258256718715
0x787b4b7ffef8eddad54f311039acf4c36fec9593,8629.620156358861024974,12081.46821890240543496360,0.001788249752002513050676640159817700,0.180058867529133039072630897692044213
0x7820ead2db7090286b79a2769335e47a7bdf4b10,49168.000000000000000000,314675.20000000000000000000,0.046576942319057293639902738554889000,4.689832322105878896601806745091773410
0x7751e9d7a91d08fe4910ada63e05b9d41169e4f3,21332.398493560000000000,136527.35035878400000000000,0.020208222709113423847282617740262600,2.034765944580630647182886780267041194
0x774bf2057ebb8a5ea800e9ecd80f5f9cdd967ba2,35152.519078280000000000,31637.26717045200000000000,0.004682819517174368235408950591597000,0.471513097184287137623327235067901930
0x76bc4c780dd85558bc4b24a4f262f4eb0be78ca7,3800.000000000000000000,24320.00000000000000000000,0.003599747413204070042133713116428900,0.362458567035517812542443573693225941
0x75ad3403d875f084a048309ee5464559bd764c46,10150.000000000000000000,9135.00000000000000000000,0.001352125518898814960316261073954700,0.136145518497921678354244327536498743
0x759e228b9b413b895599affe37aacc3b9c2bea4c,2126.910476311762213912,13612.22704839527816903680,0.002014826443478921716188539936288400,0.202872874593892627603024086184878996
0x759c5c787e83041722ba6807d92698f41bddd245,52553.886000000000000000,336344.87040000000000000000,0.049784398732189892560607988388818800,5.012791108344200281927618350870164972
0x7555d9ee819086a80eea4967465dff8454c89cff,11371.954626210000000000,72780.50960774400000000000,0.010772674802308817040642986445731300,1.084700625844474787822342305220684597
0x752a94548e85250b62d651e266262ab4e429051a,250.000000000000000000,1600.00000000000000000000,0.000236825487710794081719323231344000,0.023845958357599856088318656164027360
0x74aff9346bcd4540b782417969ee351e995ee8b8,8106.204817940000000000,51879.71083481600000000000,0.007679023637968916986305664226867900,0.773200890107090251351117331003328851
0x74a33fd77fe2ae6348f1240b56ac5316929dc2cc,2427.280947300000000000,8252.75522082000000000000,0.001221539237580311630110689074594600,0.122996785831961578035845282920930274
0x73e60cd967e957bc6e074f93320ffa1d52697d5b,4375.000000000000000000,28000.00000000000000000000,0.004144446034938896430088156548520200,0.417304271257997481545576482870498938
0x738095729f2e4c2ca506ca22e3ef93e6cd82f440,8302.320893090000000000,53134.85371577600000000000,0.007864804778550218960692232371049500,0.791907193152221547152100877440974155
0x737b8edfa4b3d28836742c17d8e3762e46c2cd15,19255.542242790213430504,123235.47035385736595522560,0.018240812731138360003939031815767500,1.836667433898321468796621113529629575
0x7360980a5af66e70fe61539a9690d35bf850ed75,14988.633000000000000000,13489.76970000000000000000,0.001996700805192995229072906519181600,0.201047804074882689615350957416395304
0x731ea89b5d7394019911b81c9e31de0d18efcd31,25273.173582285447246083,85928.79017977052063668220,0.012718829776701654129442624439792100,1.280658970216089554293577854842666549
0x72a413764fa81ce3f1be77b0f6616611d9a17d2f,136469.474717330000000000,191057.26460426200000000000,0.028279518669121614609866353700067000,2.847464734793855375067443154059746230
0x726456d5d8dcad0e33622f75257ed3eeedd6deea,5000.000000000000000000,17000.00000000000000000000,0.002516270806927187118267809333030100,0.253363307549498470938385721742800769
0x7238cd83073acaf15c2e767608c595cbd063de9c,100.000000000000000000,90.00000000000000000000,0.000013321433683732167096711931763100,0.001341335157614991904967924409226539
0x721d127526d4333a3bae8773ba5371bf41865319,5145.000000000000000000,32928.00000000000000000000,0.004873868537088142201783672101059700,0.490749822999405038297597943855701193
0x71a4e3222c73efa11e62f60b3800c1b008008f08,8000.000000000000000000,7200.00000000000000000000,0.001065714694698573367736954541048000,0.107306812609199352397433952738123120
0x719546d28765fc662e35ec7350a48d38f2fa58c3,275009.136237998243063776,1760058.47192318875560816640,0.260516691257952593101741368979540400,26.231425642763246599414338442549922876
0x711a91be5481cf334083a6826c273bf50bd23b29,28889.000000000000000000,184889.60000000000000000000,0.027366606057908520907158115321188300,2.755543563970808970141750631690449927
0x700bb62518aac5067cabfa85b6341bc84cc3401e,10000.000000000000000000,14000.00000000000000000000,0.002072223017469448215044078274260100,0.208652135628998740772788241435249469
0x6f7d598d135b1d79fb610e88d007bc1660837fa4,9990.000000000000000000,8991.00000000000000000000,0.001330811225004843492961521983133700,0.133999382245737691306295648481732253
0x6f69f79cea418024b9e0acfd18bd8de26f9bbe39,950.000000000000000000,1330.00000000000000000000,0.000196861186659597580429187436054700,0.019821952884754880373414882936347743
0x6d6be461cb355ce216e93cec3baea12559f666c6,3627.278535847711669698,10519.10775395836384212420,0.001556995515070990769447314187090500,0.156773878412498060575650065498142445
0x6d1b731ce6e88bd41b22bab615860c2b67b6c877,49415.525273104070703522,69181.73538234569898493080,0.010239998889126949648315791594257000,1.031065488146192560088917055625737330
0x6cd9d9a390dcbb73729af57cbc36535d4bb832c9,9781.191911430000000000,13693.66867600200000000000,0.002026881101715123446813438965711300,0.204086658131695779859645169457470797
0x6c3bc94c77490fd2125d430e9a098a35a35418dc,5654.678627842760162562,5089.21076505848414630580,0.000753284263436249364910306261539800,0.075848192485395948552818737474442462
0x6ae1961c0fd0b5807d5ec64faacd0e335c5742cd,13433.333333300000000000,85973.33333312000000000000,0.012725422872961758592690195753322200,1.281322829078519472697975810402012318
0x6a6fd86f0b1cf21271ef69c554e1dad0f892ba07,1500.000000000000000000,9600.00000000000000000000,0.001420952926264764490315939388064100,0.143075750145599136529911936984174229
0x6a1cd288dff86697222a8b30a1d99d4edc8aa536,17.430000000000000000,15.68700000000000000000,0.000002321925891074516724956889706300,0.000233794717972293089035909224527347
0x6a1cd288dff86697222a8b30a1d99d4edc8aa536,17.430000000000000000,15.68700000000000000000,0.000002321925891074516724956889706300,0.000233794717972293089035909224527347
0x69dfc3360618f23472a3b641bc8023c9b1a17ff0,47129.595435410000000000,301629.41078662400000000000,0.044645957698413551215941834754980000,4.495401480653260471933183341478936200
0x69a987b912ba677eec8dbc52f44ff0bb4384dfdd,260265.272298733774788237,1665697.74271189615864471680,0.246549800185321003698322547948954200,24.825099380659971862384097352980198398
0x69707aab59fcc3ea26df614c2f27137cdf6bb667,22182.440000000000026769,19964.19600000000002409210,0.002955019034033677730493880818989000,0.297540866536851010683428859664002410
0x69636882a18f8797748bcfe700a0402632fd0464,757894.073139974779319042,4850522.06809583858764186880,0.717954534017979072151982485440919700,72.290842030270312774983116459046204593
0x68e845717ea2ae0ca63e7b2c9f6052fe7397e96e,7879.432217535225715143,50428.36619222544457691520,0.007464201511207694228705062963348700,0.751570450163502731888312789779580603
0x68d36dcbdd7bbf206e27134f28103abe7cf972df,20077.313777003634101830,38146.89617630690479347700,0.005646348307254317892036408711386600,0.568530811057437268549145993149516754
0x67f3d16a91991cf169920f1e79f78e66708da328,237.492159984561201559,1519.94982390119168997760,0.000224976786463334563249120462489400,0.022652912628993157173553939368057686
0x67df0c77558b4758f036a706a0788a096a65a953,1160.200000000000000000,7425.28000000000000000000,0.001099059723368253174443035252021300,0.110664323545949412134669219526024697
0x675e4e8e943d07369e61c8e4b0dc1fcec36bc94f,4987.184361440000000000,31917.97991321600000000000,0.004724369474806692599338856827277300,0.475696762418285877827429493938551337
0x67425ba14e6206ab73b5d2ffc6f7e904abd82c09,25000.000000000000000000,160000.00000000000000000000,0.023682548771079408171932323134400900,2.384595835759985608831865616402826621
0x672a4a69d9c7e0dacd5dad4afdccf97a5f0c89f0,17401.691788500000000000,111370.82744640000000000000,0.016484656579217732138678180146625300,1.659840070961433449043505958963701457
0x66dce207eb3929478089297febc2747c8b93dbae,9554993.581500000000000000,18154487.80485000000000000000,2.687153392827040437676879952518821000,270.569475123754701669685042419120086490
0x66ab525022c5291c0c3d7a7199a38b827586f30c,203473.000000000000000000,1302227.20000000000000000000,0.192750369843913616758703423405038500,19.408034739583662071433847702653326565
0x6682b4edcebb44fd35edd10fef9b69387c819fda,30000.000000000000000000,27000.00000000000000000000,0.003996430105119650129013579528930200,0.402400547284497571490377322767981838
0x66522d61a8675e6a6fa4007c6a3b238cb83440dd,50000.000000000000000000,95000.00000000000000000000,0.014061513332828398602084816861050600,1.415853777482491455243920209739184914
0x662f14408f67debb013208b17df082db57b6df3c,199.999795254210011768,179.99981572878901059120,0.000026642840092389700677563173144900,0.002682667568902718961223835903959981
0x653d63e4f2d7112a19f5eb993890a3f27b48ada5,150000.000000000000000000,960000.00000000000000000000,0.142095292626476449031593938806405600,14.307575014559913652991193698416979864
0x6523217b84f1f8e9907e753e0c94d7bf6908b1f1,10000.000000000000000000,64000.00000000000000000000,0.009473019508431763268772929253760400,0.953838334303994243532746246561134676
0x64b7fcc8c17540139bdd84d00c7261035602cb66,4500.000000000000000000,28800.00000000000000000000,0.004262858778794293470947818164192200,0.429227250436797409589735810952512618
0x64abc5b10c77d93be5038e7b4965d2f0d8279127,15773.546092380429398536,100950.69499123474815063040,0.014942310985026741567073487394698200,1.504541293082342608388629445772161758
0x6493b38836f508c6d51c89451509b3c9e4c2b22d,5000.000000000000000000,32000.00000000000000000000,0.004736509754215881634386464626880200,0.476919167151997121766373123280567338
0x64513302e42194fd657800d83a481b603a1647f2,118172.985949050000000000,106355.68735414500000000000,0.015742335955288827638832458446963600,1.585095807338032054954040241024764884
0x633ad6534f655711a9d4ee118bb64975ae9734c5,1000001.000000000000000000,6400006.40000000000000000000,0.947302898145127170053619802668962900,95.383928814232854752698977930737874401
0x632fc4449f4da91d6994c8ffd77f24027fac2567,140.000000000000000000,896.00000000000000000000,0.000132622273118044685762821009552600,0.013353736680255919409458447451851294
0x61739ecb1efe6b77d2996f6aa47e5c589f070692,1987.821282480000000000,12722.05620787200000000000,0.001883066978820888683449996116511600,0.189606014097475281536580108971553004
0x612e73e3f6a272b66ce077ca79a93f926af1fe7c,10000000.000000000000000000,64000000.00000000000000000000,9.473019508431763268772929253760375500,953.838334303994243532746246561132209095
0x612366f9515047bc00e4e8567c80eade58fba388,10015.601236370000000000,9014.04111273300000000000,0.001334221676730088563297674571282400,0.134342780629952617438442852582424856
0x610fd5eed7ce54765a02a70dfbafe09588983ff8,8976.471773612921227514,57449.41935112269585608960,0.008503429222832227322413047700871000,0.856210288446976969093769773000700990
0x5eecd33c915a1836dcf31954b0ef2aa664a8b6a8,150000.000000000000000000,135000.00000000000000000000,0.019982150525598250645067897644650800,2.012002736422487857451886613839889052
0x5e2a064a97aacb83abdab6dc42d6d981de8b5522,150000.000000000000000000,960000.00000000000000000000,0.142095292626476449031593938806405600,14.307575014559913652991193698416979864
0x5dd8bafac850651270bce50fba8f8a24e956ea60,1.00000000000000000000,0.90000000000000000000,0.000000133214336837321670967119317600,0.000013413351576149919049679244089144
0x5dd8bafac850651270bce50fba8f8a24e956ea60,1.00000000000000000000,0.90000000000000000000,0.000000133214336837321670967119317600,0.000013413351576149919049679244089144
0x5dd350c9363a160ef98b02c1f5cecb220000ebd7,1526.532052412599939819,2137.14487337763991574660,0.000316331485591426772331841499765300,0.031851417284200761706093120611368057
0x5da78897fe6b707f62d3b0c88656404989686757,844.000000000000000000,759.60000000000000000000,0.000112432900290699490296248704080600,0.011320868730270531677929282013875614
0x5d76a92b7cb9e1a81b8eb8c16468f1155b2f64f4,5936842.000000000000000000,37995788.80000000000000000000,5.623982008447704630810841485675325500,566.278748430599379276343629192648524595
0x5c17185f0ddde2842646f1d246fcc47bcd8886d3,5800.000000000000000000,8120.00000000000000000000,0.001201889350132279964725565399070800,0.121018238664819269648217180032438852
0x5c0e4c9f74f5b269a69c946ce9317b8a09a12e35,10000.000000000000000000,9000.00000000000000000000,0.001332143368373216709671193176310100,0.134133515761499190496792440922663969
0x5b2554112ce698b023cc7ff4eb27ead0e3fad019,1302.736673664536162813,1172.46300629808254653170,0.000173543202055879520100057929677300,0.017474065015006508878874832939207337
0x5af78a5f5fb23564dbe3a9942be8cf56a00e491a,28809.086852469567626385,184378.15585580523280886400,0.027290904177354923761085584090989200,2.747921141617867273503707462121702548
0x5a36c5bb86b1d8037576fda54422e60823067063,10000000.000000000000000000,64000000.00000000000000000000,9.473019508431763268772929253760375500,953.838334303994243532746246561132209095
0x59d9ef8d7cdc58fcc31ef401e726b1f195cd50d7,1522.648286223603713820,9744.94903183106376844800,0.001442407691987638923232951112238600,0.145236030506235363180325847491304634
0x599bba832753d84313c1b043c5d7d9b10d557a1c,1221.361605740000000000,1709.90624803600000000000,0.000253093363206787334331801226592900,0.025483970741291416693869065505639101
0x58260a58801981bffe0fbf75bf20ed726e673bd4,114069.000000000000000000,730041.60000000000000000000,0.108057786230730280430565926704719200,10.880338495572231936553683159898176248
0x58217d427cb9e28cdee1a963b6f74af7a9518b15,30315.762925598991172762,194020.88272383354350567680,0.028718181360719162886079602554261100,2.891633681210812510999355181188550159
0x5820071102e542fcc7ef4ecf2fe5d3b50eb708cf,100000.000000000000000000,190000.00000000000000000000,0.028123026665656797204169633722101100,2.831707554964982910487840419478359759
0x57ed08b89199c93e3e0a4ccce0306d3c4d97a776,10526.000000000000000000,51577.40000000000000000000,0.007634276818659194169043888770201600,0.768695332870794260881029160271599104
0x57cbe501092e36e87692d89ce4e75f98aa45feb2,6101.994100000000000000,39052.76224000000000000000,0.005780430914963551971864912854616300,0.582031588827680048047078075331315247
0x575671a475daac236f88f259732c2fc705cec31d,1000.000000000000000000,900.00000000000000000000,0.000133214336837321670967119317631000,0.013413351576149919049679244092265390
0x5718f91ae00d2a20a1a2a7c756b24234d6bb0e49,31000.000000000000000000,74400.00000000000000000000,0.011012385178551924799948530257496400,1.108837063628393308106817511627312516
0x55e67a907fee85bab232c00eb1958817ca3baa56,2645.888863657092544157,16933.68872740539228260480,0.002506455682256598751794309002791900,0.252375022646416928318168973491116411
0x555f6a7d5db366b206d52d27852dc06d1dac8e73,552.944429084876969864,497.64998617638927287760,0.000073660125428433326495433765399500,0.007416838029388951644825225838075655
0x550b70d880a204567e675bb1aa827a3676524340,5000.000000000000000000,4500.00000000000000000000,0.000666071684186608354835596588155000,0.067066757880749595248396220461326950
0x54f252f92d58bd5c3a31c40b71cab59b8bc85cd4,100.000000000000000000,90.00000000000000000000,0.000013321433683732167096711931763100,0.001341335157614991904967924409226539
0x54df2ee737fccd0d8423f4e5f46f9891354c4a3b,100000.000000000000000000,640000.00000000000000000000,0.094730195084317632687729292537603800,9.538383343039942435327462465611326622
0x54ceab52aafddae3b4ec7bc36089d00f51fd5852,101578.000000000000000000,650099.20000000000000000000,0.096225037562748164931541660773847100,9.688899032193112726956929823318664499
0x53f3329c4a106b540cb1c3863d7a610dde6aaf6f,100.000000000000000000,90.00000000000000000000,0.000013321433683732167096711931763100,0.001341335157614991904967924409226539
0x536269f61149ec79c7545a70d0d9ad3be4e945d2,303157.000000000000000000,1940204.80000000000000000000,0.287181217511764805727139491378223400,28.916276791259598288665675386873314146
0x5325832cdf994b19407dadc9cb1a6d6e22ee0a23,35.000000000000000000,224.00000000000000000000,0.000033155568279511171440705252388200,0.003338434170063979852364611862967858
0x5288d161842371327b7b28a8a2cb1a1af696605c,1545.000000000000000000,2935.50000000000000000000,0.000434500761984397516804420841006500,0.043749881724208985967037134480944485
0x525389df6d6ae38b43b6f7919efd9bc97086baaa,27600.778602710000000000,176644.98305734400000000000,0.026146271415137781405686399246487800,2.632668068790223209738563540128856582
0x51f13c84b49b64ba6b1615e7d91b11066908bf3c,20000.870967069489657486,128005.57418924473380791040,0.018946864085667574254401661774563100,1.907759744785868051675703324080758539
0x51ec5e1b8b3c4c6bae49619e657f94c4ad577b45,989.726756649332345071,1385.61745930906528309940,0.000205093456613412974242910659696400,0.020650860146404552376518674324830516
0x51a3a664dadf491740c6d04b7591db0c5d839ea7,92.538554520000000000,83.28469906800000000000,0.000012327462172266135819568272101900,0.001241252166125477215672329317940311
0x51a3a664dadf491740c6d04b7591db0c5d839ea7,92.538554520000000000,83.28469906800000000000,0.000012327462172266135819568272101900,0.001241252166125477215672329317940311
0x5195900592163446f1f0f9ceb4439ef55376f0c5,75789.407308020176544768,485052.20677132912988651520,0.071795453396135597950386502340257900,7.229084202456893357624416920640567951
0x51632e28771faa63ad6a2a12945f0073b7a30837,4936.193000000000000000,6910.67020000000000000000,0.001022889275327156799296307386885500,0.102994721132691418121145190785500995
0x513a0092b157886287066a22ce33af1e8665d2dd,1086.956521739130437565,3695.65217391304348772100,0.000547015392810258070588904205348300,0.055078979902064885127596764436520327
0x512e07a093aaa20ba288392eadf03838c7a4e522,350000.000000000000000000,2240000.00000000000000000000,0.331555682795111714407052523881613100,33.384341700639798523646118629639623039
0x50e4c8f5e46537520ae7e3b55a0b6e2ab5816998,12631.000000000000000000,42945.40000000000000000000,0.006356603312459460098168139937100600,0.640046387531543037284550010266659414
0x4fadf1dc1e544955382287433b660531c3232e0b,6600.000000000000000000,5940.00000000000000000000,0.000879214623126323028382987496364600,0.088528120402589465727883011008951574
0x4f532e0ae9954a85e5396f3e8d1876556317bfba,35392.669350590000000000,49549.73709082600000000000,0.007334150407797806598230973248328200,0.738475604561161146375876696374166458
0x4e949e2668bf4a6a29cbd94ff57e94e22b849f6c,111457.557836900000000000,211769.35989011000000000000,0.031345238711361234333093511684197700,3.156152085846962684999185691481866413
0x4dce9f74c2a75b15657d53e564ffd32ed43727d7,2000.000000000000000000,2800.00000000000000000000,0.000414444603493889643008815654852000,0.041730427125799748154557648287047880
0x4d5b25a43674d58abc784395cc2265ec727e3807,56296.413620110000000000,106963.18587820900000000000,0.015832255414191980373036155363557600,1.594149797654990503761010483556614744
0x4cad9c9dd634141744ab0570b93bfc73aaea6dfb,2085.213298410000000000,1876.69196856900000000000,0.000277780306712052289107519606973400,0.027969699082836544990236149226151646
0x4c64699eb506d11df330ec864f2c8b3d8ab2cb58,1049.000000000000000000,944.10000000000000000000,0.000139741839342350432844508164194900,0.014070605803381265083113527052784481
0x4bb59ff70dede46694f238a24a4b47e16e557eb2,1000.000000000000000000,6400.00000000000000000000,0.000947301950843176326877292925376000,0.095383833430399424353274624656109440
0x4aebe4d65ca473db0d2630eb5697fb88ae7ea8a8,594.705604988705350587,535.23504448983481552830,0.000079223312782008561680748789411500,0.007976995364020442075634595605843935
0x4a27e615fa880aa6d2e2a94aca3e3d3ee4e495fa,16930.000000000000000000,108352.00000000000000000000,0.016037822027774975214032569226616300,1.614848299976662254300939395427995247
0x4a0d5319665a5eb094f841af9ce0a34bd3879412,5000.000000000000000000,7000.00000000000000000000,0.001036111508734724107522039137130000,0.104326067814499370386394120717619700
0x48c8bd589e8b81cfe13403ec4884f71e676961db,100055.000000000000000000,90049.50000000000000000000,0.013328760472258219788615123325570200,1.342072891951680150515656767651663438
0x48c89d77ae34ae475e4523b25ab01e363dce5a78,2100.000000000000000000,13440.00000000000000000000,0.001989334096770670286442315143289700,0.200306050203838791141876711777839893
0x4710ad0cd39296870baa5d81145f6ad2b1b45d19,4000.000000090104661673,25600.00000057666983470720,0.003789207803458061629292068981518100,0.381535333730192225453418425749057489
0x46918a578d46d0a3cdb6d5fe327029da38baf710,270917.321297911910000000,243825.58916812071900000000,0.036090071294444937440245302902146100,3.633909278637660750858299549217090809
0x466698583df3156b696311a7c5d5e1a9f5be9b36,1700.000000000000000000,5780.00000000000000000000,0.000855532074355243620211055173230200,0.086143524566829480119051145392548838
0x4615c12a57b9acdd5e4d6aae100d952440cf2177,6702.233565200000000000,42894.29481728000000000000,0.006349038931320576819379039546167800,0.639284729994668879943275491903635782
0x460bf53b905d3d3563896049f65629ac8f727d38,0.000000000000000010000000000000000000,0.000000000000000064000000000000000000,0.00000000000000000000000947301950843176326900,0.00000000000000000000095383833430399424355561
0x45bd8d4f6b8116cea6b65dbc065b448a4bff761c,69.000000000000000000,131.10000000000000000000,0.000019404888399303190070877047268200,0.001953878212925838208236609889435058
0x45b890c957e65afdef0e2361c828cea2967d4b80,23000.000000000000000000,43700.00000000000000000000,0.006468296133101063356959015756083300,0.651292737641946069412203296480027477
0x4589594db0709c0ce6a7db471a40c8bc64efcdcb,12618.000000000000000000,11356.20000000000000000000,0.001680898502213324844263111549868000,0.169249670187859678568852701956208920
0x45088bc3c1b30d883d3d1b4bd257a9dd160e5cbb,37910.000000000000000000,34119.00000000000000000000,0.005050155509502864546363493331391400,0.508500158251843431173340143537800066
0x44e9e84cc5e53270e38eae09120c24a0eabc3e40,5000.000000000000000000,9500.00000000000000000000,0.001406151333282839860208481686105100,0.141585377748249145524392020973922519
0x4393d2a6f41b1d85b1e3f6aba24c63637e0a69dc,10000.000000000000000000,64000.00000000000000000000,0.009473019508431763268772929253760400,0.953838334303994243532746246561134676
0x434895450fd77410f035229ea84c3a06f3b0ed02,540.217403590000000000,1836.73917220600000000000,0.000271866656409503842242546043233300,0.027374253633872941875401961093160977
0x4315706f57b388b3a0f6489f6f678bc181bfe9f3,200000.000000000000000000,480000.00000000000000000000,0.071047646313238224515796969403202800,7.153787507279956826495596849208489932
0x410140d064a7a9a09b8b8abc6f27bbbe2b79208f,290.056006632000000000,1856.35844244480000000000,0.000274770620936274890660665476613100,0.027666653822073518740622406840173039
0x404f31a8c46aa67deaf8f33621fdb9942a21820d,8931.887289250000000000,16970.58584957500000000000,0.002511917044102187564507876885432600,0.252924927170649265870298123594208494
0x3f3b746c10dfb72256860557017281367d496f97,790.479750500000000000,5059.07040320000000000000,0.000748823009750677287497468955766700,0.075398988851795696078120149156149023
0x3eb9cbea7d64fbe15a9de18151ac701b3148211a,12208.588000000000000000,78134.96320000000000000000,0.011565219229440592386198195881230800,1.164501924212373247366296343281129252
0x3e7dd7df9c1ffd12b8ecd94a27472bdc4d87ab7e,42994.574993873420320361,146181.55497916962908922740,0.021637198782665066500242052875525200,2.178649545426545545909372304036632388
0x3e7aa069b179ceb803d2c63b32532d8936545caa,4048.384645752278982142,25909.66173281458548570880,0.003835042672684695192118969084109000,0.386150446712621958894458997078935210
0x3d4737a42f7a58897cfa251e79ba932a7723018b,400.000000000000000000,2560.00000000000000000000,0.000378920780337270530750917170150400,0.038153533372159769741309849862443776
0x3ceb3715b9f7a23017c05ae4522b749a6700ee99,12505.000000000000000000,23759.50000000000000000000,0.003516784484540382490381412696948700,0.354105029748371112956504444455764603
0x3cb5365b015bc608be5b3f33575cda0bfd568add,100000.001000000000000000,640000.00640000000000000000,0.094730196031619583530905619414896700,9.538383438423775865726886818885948723
0x3b4b3ef906d5e73eeabfbaa6758e833a2ef23263,7631.000000000000000000,25945.40000000000000000000,0.003840332505532272979900330604070500,0.386683079982044566346164288523858645
0x3b2608ef4fd25c49c376f304f6cf4eabb161b238,49022.531576688790000000,313744.20209080825600000000,0.046439139797868503419199061333838000,4.675956986247379609279153485704148220
0x39cf48f63fd6f2357226deac500d5e8310a8da63,206676.551563924900000000,186008.89640753241000000000,0.027532279756412772612593994541415300,2.772225248673202074362089310375106557
0x39491f3a7c1e61399487899b1a37e0aedd8c71c5,25000.000000000000000000,35000.00000000000000000000,0.005180557543673620537610195685650200,0.521630339072496851931970603588118638
0x393a4c83dca15d6c9ecaffa4daae577f280a87eb,24000.000000000000000000,153600.00000000000000000000,0.022735246820236231845055030209024900,2.289212002329586184478590991746717181
0x38f42205cd0864fba5479afb13f0e3c089ea4d17,149415.000000000000000000,956256.00000000000000000000,0.141541120985233190880370722445060600,14.251775472003129989744528042993151814
0x3847a976c47a1b78a93b3f34357e59b32a1f7753,500000.000000000000000000,3200000.00000000000000000000,0.473650975421588163438646462688018800,47.691916715199712176637312328056612972
0x3794b9b4fbcfab4ba6bed5179c744d6fd61838ea,35054.805438498551554011,84131.53305239652372962640,0.012452807091869124393120566658266600,1.253873146080302135143309856820863954
0x358e6aa06718428fe77e3a5e167b70bc6af927dd,752.727434020000000000,4817.45557772800000000000,0.000713060166700324291956753463122200,0.071798028185055652957125506201774318
0x358e12ba6a1a44b5bbf70ed20b78bd6d9b486cfe,4826.169902190000000000,16408.97766744600000000000,0.002428790086830267005804476266203100,0.244554873842939584814452715243990139
0x34bb6cd0272c8a5d1633c0e6d9ee4c4def4f798b,6943.115208199999907628,6248.80368737999991686520,0.000924922488045485570741967814050800,0.093130445321299942118008739196775052
0x32f7add386f6abbe4410e21e812f7350fa10e5c0,250.000000000000000000,475.00000000000000000000,0.000070307566664141993010424084305300,0.007079268887412457276219601048700657
0x30c70251a1e9f66b07adddf7b36dae3cce5bcea9,9101.036167640724915189,58246.63147290063945720960,0.008621429316300363858180825483978400,0.868091717858283636880227317981785096
0x3089088001ac4d2f52d031aa2bedb6697b3faddf,61255.135033520000000000,392032.86421452800000000000,0.058027108916415691123935977055381000,5.842749596793895939269113529706312890
0x304729fdac8dbca2c2c04d7b59dcd88343720b2a,356.223977589585403264,2279.83345657334658088960,0.000337451668907730177173129296376000,0.033978008542319351539562388852099440
0x2fd07cb7a4dcd47e32c5c7b7d787a4f8bbb1b4aa,12875.000000000000000000,43775.00000000000000000000,0.006479397327837506829539609032552500,0.652410516939958562666343233487711225
0x2eb9b439ffb7dc587198e1534e465a6242192b24,95.000000000000000000,85.50000000000000000000,0.000012655361999545558741876335174900,0.001274268399734242309719528188760681
0x2e38ddda2e834c6da61b79b53b99aa91d9daf42c,49262.000000000000000000,315276.80000000000000000000,0.046665988702436552214629204089874400,4.698798402448336442491014559809453336
0x2e337d1648004c97d342c13b85b1683f9e41b000,1884.553714591127739176,12061.14377338321753072640,0.001785241410300929838892421513817000,0.179755957603200625478077922226233730
0x2cded55e126341510c1189ca657655d2e55ee857,406648.823374570000000000,1382605.99947353800000000000,0.204647712585744088899016588590935700,20.605978180258572311241980305221315633
0x2cac7b28909246d71d33d6462c45bdc3a2482b49,665.999999999999996256,599.39999999999999663040,0.000088720748333656232365346988423300,0.008933292149715846036866788264342077
0x2ca6901641b84e1c5bd2f67c5679626d0e78e4fc,1000.000000000000000000,900.00000000000000000000,0.000133214336837321670967119317631000,0.013413351576149919049679244092265390
0x2ca09aa68611abcaf57fdd84da5ab9650e934b11,1129.000000000000000000,1016.10000000000000000000,0.000150398986289336166521877709605400,0.015143673929473258607087866580167726
0x2bc7fee54104f024510ce54ee957c0c330b42844,2010.140500840000000000,12864.89920537600000000000,0.001904210017914611522005553154238800,0.191734906703822234150739147100304772
0x2b1d2d290268cb4c4862d4a658f1c2a663c0f79a,63157.000000000000000000,404204.80000000000000000000,0.059828749309402487276589189287974400,6.024156767963736443879765469406142336
0x2ac2b3c5588e98b5da17213d8c341219ffce9afd,10442.582000000000000000,66832.52480000000000000000,0.009892278300439837933874935311259200,0.996053502071287281561867236490688848
0x2a1049062c6cfd69bd38fbaf3b0559df1dbbc92c,300.000000000000000000,1920.00000000000000000000,0.000284190585252952898063187877612800,0.028615150029119827305982387396832832
0x29e0a3195a4a721a9938037f65b926b71496de20,200000.000000000000000000,180000.00000000000000000000,0.026642867367464334193423863526201100,2.682670315229983809935848818453188759
0x299cf57a495f52f10284d209ceceec7db350a41a,5993.518133400000000000,38358.51605376000000000000,0.005677671420183772734792660944944800,0.571684735298304076666273030546491912
0x2986c55ad749d821daaaf93788c2a65664f6fcfb,3153.930810507056329497,20185.15718724516050878080,0.002987724809617734745720813759313700,0.300834011080409711546628737425296453
0x297289405faf325d416658e93d93d0ade229528c,5310.463037462267462267,33986.96343975851175850880,0.005030611995268585736372147216350200,0.506532321803593897795311503214301638
0x296e5626b141fe533d4ca3f41f3eec96f8eeb6dd,534.000000000000000000,480.60000000000000000000,0.000071136455871129772296441715615000,0.007162729741664056772528716345274350
0x28173fa3521d255ca37b26976bf5436caea3201f,314.268719834337311933,439.97620776807223670620,0.000065123487491137109429988853148000,0.006557283955482595548505577623472120
0x2778fdc3dbc3553f1f6f26d8d310f08db49abe4d,10000.000000000000000000,19000.00000000000000000000,0.002812302666565679720416963372210100,0.283170755496498291048784041947834969
0x273f98af7efe4d71c6ab9a8be1d589537bce24ff,11484.155707459336265560,10335.74013671340263900400,0.001529854186705738174233726798496600,0.154041018059400776763593951340622654
0x268e4bb7a9e0cde4bfc2d840ade104c55025627d,800000.000000000000000000,5120000.00000000000000000000,0.757841560674541061501834340300830000,76.307066744319539482619699724890572700
0x25452bc7f52b5e3208d48c8d1d2edacf6947a88a,135.000000000000000000,864.00000000000000000000,0.000127885763363828804128434544925800,0.012876817513103922287692074328578802
0x244ef56b0e8ca2d75c74d447365899d3ddea3055,10000.000000000000000000,34000.00000000000000000000,0.005032541613854374236535618666060200,0.506726615098996941876771443485601538
0x24394a4758dbdcf6fcbc14dc35af64ac0d9a450a,50000.000000000000000000,320000.00000000000000000000,0.047365097542158816343864646268801900,4.769191671519971217663731232805663311
0x23a79de4d6df31bc9ecca93a881dff178e3891df,1366.625365323971591940,8746.40233807341818841600,0.001294606874643166826540571214258500,0.130353966207820467764370115563688365
0x237dce839c25f16673b208bb142a466eb8443fd6,20784.107377540000000000,18705.69663978600000000000,0.002768741081054675932361825036336000,0.278784539451395319629512162908671840
0x231e32d052f7b1168e988efb5940cbb47bdba7e9,439578.000000000000000000,835198.20000000000000000000,0.123622638156360836014144792522937600,12.447563435963972578264239159134586944
0x22fcb18814f9eb2e0a470de8332d8d038756fb83,149811.998812594678559400,134830.79893133521070346000,0.019957106072093421718109778907443500,2.009481010399086632796473638190486015
0x22ef798f5ac4d5c2e114d310d19ea7f1fb74b98d,20399.524496117605431578,18359.57204650584488842020,0.002717509127547005323501532809260200,0.273625994052707966023369338564409538
0x22d94157d46867f25a488d7b1ef9380d53bbb2c8,3200.000000000000000000,4480.00000000000000000000,0.000663111365590223428814105047763200,0.066768683401279597047292237259276608
0x228ba17e9cf33ab23614ddc300d5ef9e7ea09f6d,1439.963702956619515129,9215.76769892236489682560,0.001364080424954169737985343951098500,0.137349257988635350917744282436107965
0x2271fe6d76ab94352ef826d97445048bd8c4d45f,100.000000000000000000,640.00000000000000000000,0.000094730195084317632687729292537600,0.009538383343039942435327462465610944
0x22597df3d913c197b4d8f01a3530114847c20832,5500.000000000000000000,7700.00000000000000000000,0.001139722659608196518274243050843000,0.114758674595949307425033532789381670
0x221c2f9fe59f6d6dd569cb8fc94755e247afc309,31.000000000000000000,27.90000000000000000000,0.000004129644441956971799980698846600,0.000415813898860647490540056566864154
0x221c2f9fe59f6d6dd569cb8fc94755e247afc309,31.000000000000000000,27.90000000000000000000,0.000004129644441956971799980698846600,0.000415813898860647490540056566864154
0x21d84c39ba00dfa4470d5e8f6f80fb72a4d1ba40,10000.000000000000000000,9000.00000000000000000000,0.001332143368373216709671193176310100,0.134133515761499190496792440922663969
0x21c44e22a3a98cb1c76a4d0dab79d2de68848beb,4537.541857600000000000,4083.78767184000000000000,0.000604465629431772683888878577044200,0.060863644227485191540771183922580498
0x2172d0d28c129d4e38ba61a9e2ce66fc8d745d63,1069.690000000000000000,6846.01600000000000000000,0.001013319423797437285097371469345500,0.102031132782163960236454333248398395
0x215a0a9948af67b867dcaef173dc1dfee64d18ea,298314.000000000000000000,1909209.60000000000000000000,0.282593434163831302776072761740627300,28.454332885956173876522766379663762837
0x20a34e0095ced510325fdf12a0dcb4c241c5e070,1000000.000000000000000000,900000.00000000000000000000,0.133214336837321670967119317631005300,13.413351576149919049679244092265923657
0x20097fd46d4d0d3394148e36e3f848e47a3647c5,304.970000000000000000,274.47300000000000000000,0.000040626376305277989994842378297900,0.004090669830178440812580679070815551
0x1fd3de1324139e85c5542c792fed12a5a5cd06d7,14191.678046075100000000,12772.51024146759000000000,0.001890534979516671428000585665376100,0.190357967087533646085378970646719509
0x1fc2f3d6406eb4add7009e89ad1b471155ead984,20239.437948290000000000,129532.40286905600000000000,0.019172859052384531112800055908162100,1.930515177984598437747837629392841849
0x1fabb8971c06e52d41f7f7a80b97ef327c5079a5,6208.472888170000000000,8691.86204343800000000000,0.001286534042220089752439095988725100,0.129541112711140837173092575104730319
0x1f077b6ebf8781e1f0c35ed6ed84123f31f29cdf,1387.364907272416930466,2635.99332381759216788540,0.000390169002822186511467523554552800,0.039286116894165959839664946707921432
0x1e30f1db4a36f69f457a91d90e4a61fa27275e36,111500.000000000000000000,100350.00000000000000000000,0.014853398557361366312833803915857100,1.495588700740715974039235716287651399
0x1ded0192d961b0dedf8917189090a2fc8090deaa,2091.000000000000000000,1881.90000000000000000000,0.000278551178326839613992246493166400,0.028047318145729480732879299396924816
0x1de8bf4339c2cadc67f77261f1c88ac9fe9b3d2a,800.000000000000000000,720.00000000000000000000,0.000106571469469857336773695454104800,0.010730681260919935239743395273812312
0x1dc5170f52bf487055f1b4cd30fc4125a311c1b7,5000.000000000000000000,17000.00000000000000000000,0.002516270806927187118267809333030100,0.253363307549498470938385721742800769
0x1c7d00cda4e1fc3fb9d72751107dd11cf9e94c03,100000.314400000000000000,640002.01216000000000000000,0.094730492916050977782366462758499500,9.538413331717172952906479135153314655
0x1c5ca3752fc6aa330e987daaa94e359fe52ac375,12100.000000000000000000,41140.00000000000000000000,0.006089375352763792826208098585932800,0.613139204269786299670893446617573632
0x1b4e05378d27869698e9366b8274783f98fdd82a,15436.730329390552874200,98795.07410809953839488000,0.014623244755671698627438595190488700,1.472414514448583334796792149730307203
0x1b037167c4b0584ca5ef6534648c38f496757fa5,700.000000000000000000,4480.00000000000000000000,0.000663111365590223428814105047763200,0.066768683401279597047292237259276608
0x1a9992e05c3edd2da2a88a25829d906ddba73a20,1990.000000000000000000,12736.00000000000000000000,0.001885130882177920890485812921498300,0.189813828526494854463016503065663827
0x1a1e852f970a231d32271c88162e222a09c1650a,5817.718000000000000000,37233.39520000000000000000,0.005511135610855462094047910843232800,0.554916244657036478249684142805110632
0x19e6aab66857dd13dbfe21d6caeea22ec415eb6e,100085.908797900000000000,140120.27231706000000000000,0.020740032393535633250053856488606300,2.088313861705102911947922809837768347
0x19a9dc5c38febcdc61893df3a3c00ff484d0991b,1100.000000000000000000,3740.00000000000000000000,0.000553579577523981166018918053266600,0.055739927660889663606444858783413954
0x1955c2b76b1cf245795950e75eb176080879da50,1500.000000000000000000,1350.00000000000000000000,0.000199821505255982506450678976446500,0.020120027364224878574518866138398085
0x191c5e248e29426385f2e6b739f263c60b95aff1,878.872467520000000000,2988.16638956800000000000,0.000442296226606527690320957531341000,0.044534807057011273138417213830725290
0x18c5deae86447c083caeeef6afba93fe58ff4bbc,250.000000000000000000,475.00000000000000000000,0.000070307566664141993010424084305300,0.007079268887412457276219601048700657
0x181e1ff49cae7f7c419688fcb9e69af2f93311da,349011.581852455106624295,2233674.12385571268239548800,0.330619352355693638416639333392120000,33.290062588694792452171414479252562800
0x17ca7e4f40ce8cbae4f323a9f6bc8cf5109d5c37,40226.244343891402714932,257447.96380090497737556480,0.038106399742062613330041210778906600,3.836933390028284536201849513328105554
0x16c64a673e65d036102ab379cbd950339f755f7e,8715.000000000000000000,7843.50000000000000000000,0.001160962945537258362478444853154200,0.116897358986146544517954612264096398
0x15088ddb8f7dd5eb0207139c4e6b451706c8af62,21998.450000000000000000,74794.73000000000000000000,0.011070811506529475892371698044439200,1.114720010592452927602906276094583048
0x14f149b201c41475d12c0f5c18a8668476d86ac2,3169.728791670000000000,2852.75591250300000000000,0.000422253318936483989473712434975200,0.042516686683714572900108105077652888
0x143eeeb2fe6ab354d1840e698d6c0c2911f402d4,1450.000000000000000000,9280.00000000000000000000,0.001373587828722605673972074741795300,0.138306558474079165312248205751368757
0x13f0b7263693f35d17f84aab52f8cd029f7e1873,42221.349940000000000000,143552.58979600000000000000,0.021248070056615788684049068897412400,2.139468174000643762596900747280454556
0x13a66044342209776d4d51098cee85f484b3e0ee,10000.000000000000000000,64000.00000000000000000000,0.009473019508431763268772929253760400,0.953838334303994243532746246561134676
0x12abc735f21f1d66b4396ce57bbd2f03f2fe59c5,18819.000000000000000000,120441.60000000000000000000,0.017827275412917735295503775562651700,1.795028361326686766904275161403399673
0x128fd96916bd575bf89677b9dbbec1ac7cf70d96,15109.505857947317642191,96700.83749086283291002240,0.014313264375509894649951896358652600,1.441202589970091292303656444352730294
0x125f2503e342950cfc1bd32de516abfb226d78b1,1000.000000000000000000,900.00000000000000000000,0.000133214336837321670967119317631000,0.013413351576149919049679244092265390
0x11b6a5fe2906f3354145613db0d99ceb51f604c9,5508.400000000000000000,10465.96000000000000000000,0.001549128800851039017194480103948200,0.155981778957691118641312201666544258
0x10f77e56bdccade0b4542145e5c408f1f8bf5afb,300367.189000000000000000,420514.06460000000000000000,0.062242780273839605373385730233547200,6.267225545772909865046209177215867568
0x10a5cc530f7b308652e8c9f838cad4f6a7fa25c8,2488.500300000000000000,15926.40192000000000000000,0.002357361188863829542387041507986100,0.237362698106698996622951209439120409
0x1057bea69c9add11c6e3de296866aff98366cfe3,5000.000110783788396329,32000.00070901624573650560,0.004736509859161580504026566945998100,0.476919177718979540950435025792548689
0x10431f29ac6abc365a54ad5d57273b02c9621771,14635.781708847301187468,93669.00293662272759979520,0.013864504564905925329369488823384500,1.396016964640377621414213829626585305
0x101a8a76d9c4483e624e8ef5a1079e37fa3c7bdb,51000.000000000000000000,45900.00000000000000000000,0.006793931178703405219323085199181300,0.684080930383645871533641448705565097
0x0fc284ce0afc646eff23fdf3af3ff72423ed252e,198.800000000000000000,675.92000000000000000000,0.000100046927283424959822328099081300,0.010073725108168059204510216296496097
0x0f062609cdb154311e33b82ade990efa5afa63c9,150.000000000000000000,285.00000000000000000000,0.000042184539998485195806254450583200,0.004247561332447474365731760629222408
0x0ee91763a647859a4a7b830111dac48704ff999a,4715.775732035021701000,6602.08602484903038140000,0.000977213901714680871885871442808600,0.098395667763651216990188395576397934
0x0de1ec708665b93478bd0ed264e60b68a8663bb4,5322.349385511591303657,4790.11444696043217329130,0.000709013243807453136767427967397300,0.071390543518972456341112322037234137
0x0db4b63f537a4bfdde4fda1bb708732bd2bfdd25,8077.520000000000000000,39579.84800000000000000000,0.005858448003824436071093995099665500,0.589887129505082467998454366585319195
0x0d4a59abd71596275b01f3d3d5c02393933bd6de,500.109460240354244897,3200.70054553826716734080,0.000473754667320815502603753109683200,0.047702357452532912957171900614001408
0x0bd09dc09379664d35add8f34933404d3e5895fb,8000.000000000000000000,15200.00000000000000000000,0.002249842133252543776333570697768100,0.226536604397198632839027233558269989
0x09bf6c0269424d84395e7270b4c5857f98915786,0.69000000000000000000,4.41600000000000000000,0.000000653638346081791665545332118500,0.000065814845066975602803759491011765
0x09bf6c0269424d84395e7270b4c5857f98915786,0.69000000000000000000,4.41600000000000000000,0.000000653638346081791665545332118500,0.000065814845066975602803759491011765
0x098505e9807b51699fbdf9199445200169c6711d,600.000000000000000000,540.00000000000000000000,0.000079928602102393002580271590578600,0.008048010945689951429807546455359234
0x09199f2c2eb131a551034cd1ccf83581af39aad0,11960.112987950000000000,76544.72312288000000000000,0.011329838365789845640717085782726600,1.140801425051379557563803367462741354
0x08de92b22c7423a6e060e608cccebaba0ca1f0ea,26332.100967045075609296,155359.39570556594609484640,0.022995665411515564250959039155099400,2.315433550285502164429065652526958586
0x08bad7397ef4d6a89c38da3dd39dedbf4ba15f1b,0.000000000000000010000000000000000000,0.000000000000000064000000000000000000,0.00000000000000000000000947301950843176326900,0.00000000000000000000095383833430399424355561
0x08a9bc278d07ff55a344e9ed57cb57594e9ea9df,32000.000000000000000000,204800.00000000000000000000,0.030313662426981642460073373612033200,3.052282669772781579304787988995622908
0x089471a7d19b7e4b2f2f75699f4e10d60c55d3f1,16057.889300000000000000,102770.49152000000000000000,0.015211669860313767117376184479361600,1.531663038234993211048608015226919504
0x083ad86fccaa0b3c738cd4c63e894e659a8fcac2,37894.000000000000000000,34104.60000000000000000000,0.005048024080113467399628019422309300,0.508285544626625032468545275632323417
0x07e77c8739614cba5bd62be99c7e8317c25383ff,432.867000000000000000,389.58030000000000000000,0.000057664090343760919746524037665000,0.005806197256713287009277505352488850
0x07dea0c0c2d50ed66cb9d1d110e21f5b9c26184b,7409.210182480000000000,47418.94516787200000000000,0.007018759260070430462725323644193800,0.706718869896491643291812837733873722
0x0595d68f339720d0464727356f0faa0640b9d048,9100.000000000000000000,30940.00000000000000000000,0.004579612868607480555247412986114800,0.461121219740087217107862013571899212
0x04c20835c23e2eacac5f22f9e4dae0a35ccf2d5d,1000.000000000000000000,900.00000000000000000000,0.000133214336837321670967119317631000,0.013413351576149919049679244092265390
0x04181eb61a2b6cabf94fa69e386d6c32278fa224,3500.000000000000000000,3150.00000000000000000000,0.000466250178930625848384917611708500,0.046946730516524716673877354322928865
0x03d1c8015b191ad3be57e80e8d7b34062d65c5ce,1999.000000000000000000,12793.60000000000000000000,0.001893656599735509477427708557826700,0.190672283027368449282195974687570423
0x03b3e02a27d083032bfc5b801d7fe3deb560dc50,178.810907465355386682,160.92981671881984801380,0.000023820176457277008666904195484900,0.002398453567483222002670583443374581
0x03b3b1b629907c6e171ea3d3301915a3a5e70470,6385.779916311120251221,40868.99146439116960781440,0.006049261772376699474748140570906900,0.609100167860609870112390274084615761
0x03794a1dea1f7cf26a44d7443cb798c8607d6061,3641.922357268644891125,23308.30308651932730320000,0.003450000153859966695194318306848100,0.347380515492160046539115910316535189
0x03302b2ab3ed90f167b590da2b8eeb9fcf0e89ac,9207.375229755548402141,26701.38816629109036620890,0.003952230796898195713767819161699300,0.397950118939679326419281711391502517
0x02cbf96ab23c3bf40b9a6c51671a4376b7d21607,50089.860000000000000000,320575.10400000000000000000,0.047450222095461584168597839811076200,4.777762862792026909936116490577262578
0x02bd88e6193eb33476bcd529cc6bd6eedb129cac,173075.603206725319794948,1107683.86052304204668766720,0.163954856561090399940046316432929700,16.508614507136192369963263601631691493
0x027d92692583e71732a278bcdbdd1be227e383b6,1063.948674660000000000,6809.27151782400000000000,0.001007880655102429922485782744402400,0.101483503162263668895093464533877656
0x02716dc9c0b30b9c7349657069fb3d77e1f3def4,250.000000000000000000,225.00000000000000000000,0.000033303584209330417741779829407800,0.003353337894037479762419811023071382
0x023ddd486081bb7167531c64d5682c003ebf13c9,1500.000000000000000000,9600.00000000000000000000,0.001420952926264764490315939388064100,0.143075750145599136529911936984174229
0x00e32099285d1b589e415ecb9f877a701474490e,7127.863639560000000000,45618.32729318400000000000,0.006752239131099331024086413400591100,0.679882958110391640815260965305517859
0x00da6b7e3ff6a2eed1b2ba585a90357d81425804,7579.585000000000000000,48509.34400000000000000000,0.007180155657081676639554226297786300,0.722969873111554020836715045924102547
0x00c8bf90e55fb2b5242ecd147cf638f2f94a45d9,4190.000000000000000000,7961.00000000000000000000,0.001178354817291019802854707652956000,0.118648546553032783949440513576139640
0x00c0fc276b7bafb5a35f4700e3009e1b8b8aa88a,36750.000000000000000000,88200.00000000000000000000,0.013055005010057523754777693127838500,1.314508454462692066868565921042058565
0x0073c423a0b5d88b330d481301025db1ab65d891,59868.633000000000000000,203553.35220000000000000000,0.030129138693707524661180614534630800,3.033702975069410658134276077491975252
0x0068e91105b0d2c52de69c6efb6329b66b1cdac5,2508.000000000000000000,16051.20000000000000000000,0.002375833292714686227808250656843100,0.239222654243441756278012758637531739
0x005de03c8e71269a4eded9da3442ce4a0ef0150b,5667.416217298086391163,33437.75568205870970786170,0.004949320498348706208712486282564500,0.498347080978731228155260243791419505
0x003dc32fe920a4aaeed12dc87e145f030aa753f3,2500.000000000000000000,16000.00000000000000000000,0.002368254877107940817193232313440100,0.238459583575998560883186561640283669
0x0030f02e42b862ed6bda66b30f6debd114a6c0a7,25618.000000000000000000,35865.20000000000000000000,0.005308620926153232437299919722999500,0.534525041054368974111728916908819655
